{"type": "FeatureCollection", "features": [{"type": "Feature", "id": 217, "properties": {"STATEFP": "48", "COUNTYFP": "215", "COUNTYNS": "01383893", "GEOID": "48215", "GEOIDFQ": "0500000US48215", "NAME": "Hidalgo", "NAMELSAD": "Hidalgo County", "LSAD": "06", "CLASSFP": "H1", "MTFCC": "G4020", "CSAFP": "365", "CBSAFP": "32580", "METDIVFP": null, "FUNCSTAT": "A", "ALAND": 4069375491, "AWATER": 30138614, "INTPTLAT": "+26.3963839", "INTPTLON": "-098.1809900"}, "geometry": {"type": "Polygon", "coordinates": [[[-97.996514, 26.49191], [-97.996585, 26.491544], [-97.998174, 26.482485], [-97.99858, 26.479879], [-97.998924, 26.478292], [-97.998987, 26.477935], [-97.999017, 26.477768], [-97.99902, 26.477744], [-97.999032, 26.477676], [-97.999037, 26.477654], [-97.999042, 26.47762], [-97.999062, 26.477523], [-97.999066, 26.477488], [-98.000281, 26.470503], [-98.000995, 26.466743], [-98.001667, 26.463208], [-98.002301, 26.459614], [-98.00236, 26.459573], [-98.002638, 26.458051], [-98.002908, 26.456179], [-98.002913, 26.456161], [-98.002929, 26.456065], [-98.002958, 26.45589], [-98.004189, 26.448784], [-98.002075, 26.448473], [-98.000378, 26.448222], [-98.000305, 26.448212], [-98.000114, 26.448183], [-97.990178, 26.446784], [-97.989678, 26.446647], [-97.989422, 26.446584], [-97.988909, 26.446552], [-97.988353, 26.446516], [-97.988318, 26.446514], [-97.987988, 26.446484], [-97.98771, 26.446441], [-97.987368, 26.446396], [-97.987243, 26.446387], [-97.986958, 26.446349], [-97.98668, 26.446296], [-97.986425, 26.446259], [-97.985338, 26.446073], [-97.984388, 26.445933], [-97.984347, 26.445931], [-97.984285, 26.445929], [-97.98418, 26.445917], [-97.983786, 26.445854], [-97.983631, 26.445836], [-97.982973, 26.445742], [-97.982476, 26.445681], [-97.981998, 26.44561], [-97.981124, 26.445472], [-97.980639, 26.445382], [-97.980495, 26.44536], [-97.980349, 26.445347], [-97.980195, 26.445326], [-97.979709, 26.445246], [-97.979036, 26.445154], [-97.978465, 26.445058], [-97.978126, 26.445008], [-97.977248, 26.444893], [-97.976887, 26.444837], [-97.976518, 26.444789], [-97.976147, 26.444748], [-97.975563, 26.444664], [-97.974697, 26.444551], [-97.974011, 26.444467], [-97.973498, 26.444387], [-97.973168, 26.444342], [-97.972852, 26.444293], [-97.972429, 26.444233], [-97.972389, 26.444226], [-97.97156, 26.444082], [-97.971017, 26.443998], [-97.969957, 26.443855], [-97.969303, 26.443753], [-97.968772, 26.44368], [-97.968124, 26.443571], [-97.966197, 26.443303], [-97.964435, 26.443027], [-97.964398, 26.443025], [-97.964291, 26.44301], [-97.964148, 26.442983], [-97.963028, 26.442815], [-97.961837, 26.442654], [-97.961381, 26.442579], [-97.960755, 26.442502], [-97.960432, 26.442449], [-97.960294, 26.442426], [-97.960186, 26.442402], [-97.959964, 26.442363], [-97.958521, 26.442192], [-97.958165, 26.442144], [-97.958056, 26.442135], [-97.95779, 26.442087], [-97.95647, 26.441898], [-97.956299, 26.441872], [-97.956149, 26.441841], [-97.955221, 26.441703], [-97.954386, 26.441594], [-97.953408, 26.441449], [-97.953102, 26.441409], [-97.95223, 26.441284], [-97.95185, 26.441237], [-97.950741, 26.441075], [-97.950043, 26.440985], [-97.949402, 26.440872], [-97.948813, 26.440791], [-97.948588, 26.440749], [-97.948364, 26.440713], [-97.94756, 26.440599], [-97.946704, 26.440471], [-97.945505, 26.440272], [-97.945181, 26.440233], [-97.944714, 26.440167], [-97.944402, 26.440117], [-97.943973, 26.440059], [-97.943278, 26.439954], [-97.942586, 26.439844], [-97.942456, 26.439828], [-97.942084, 26.439773], [-97.941639, 26.439722], [-97.94136, 26.439681], [-97.941012, 26.439635], [-97.940539, 26.439567], [-97.940392, 26.439552], [-97.939774, 26.439454], [-97.939147, 26.439365], [-97.938943, 26.439329], [-97.938121, 26.439207], [-97.937513, 26.439125], [-97.936326, 26.438944], [-97.936056, 26.4389], [-97.935115, 26.438759], [-97.934836, 26.438712], [-97.93387, 26.438598], [-97.933165, 26.438489], [-97.932617, 26.438409], [-97.931423, 26.438225], [-97.930677, 26.438142], [-97.930556, 26.438124], [-97.930523, 26.43812], [-97.930208, 26.438085], [-97.929983, 26.438048], [-97.929865, 26.438033], [-97.929765, 26.438018], [-97.928988, 26.4379], [-97.928554, 26.437844], [-97.928476, 26.437834], [-97.927737, 26.437735], [-97.927469, 26.437689], [-97.926822, 26.43759], [-97.926489, 26.437543], [-97.926478, 26.437542], [-97.926433, 26.437536], [-97.926092, 26.437483], [-97.926017, 26.437466], [-97.925943, 26.437457], [-97.924795, 26.437418], [-97.924609, 26.437412], [-97.924445, 26.437407], [-97.92408, 26.43733], [-97.923957, 26.437304], [-97.923867, 26.437286], [-97.923705, 26.437252], [-97.923377, 26.437192], [-97.922664, 26.437047], [-97.917045, 26.43623], [-97.915022, 26.435932], [-97.912143, 26.43548], [-97.908469, 26.434957], [-97.908371, 26.434924], [-97.908339, 26.434917], [-97.908296, 26.434908], [-97.908302, 26.434857], [-97.908306, 26.434826], [-97.908508, 26.433245], [-97.908273, 26.433243], [-97.907993, 26.433243], [-97.906568, 26.433239], [-97.90612, 26.433266], [-97.902069, 26.433291], [-97.899141, 26.43332], [-97.890321, 26.433308], [-97.890307, 26.433308], [-97.890348, 26.433347], [-97.890343, 26.43336], [-97.890318, 26.433391], [-97.890293, 26.433409], [-97.890242, 26.433426], [-97.890161, 26.433436], [-97.888245, 26.433444], [-97.887847, 26.433441], [-97.880584, 26.433507], [-97.878864, 26.433509], [-97.875276, 26.433522], [-97.872384, 26.433535], [-97.868934, 26.43355], [-97.8689, 26.43355], [-97.868849, 26.43355], [-97.868798, 26.43355], [-97.868764, 26.43355], [-97.867456, 26.433555], [-97.863534, 26.433572], [-97.862227, 26.433579], [-97.86192, 26.433579], [-97.861918, 26.432964], [-97.861912, 26.430198], [-97.86191, 26.429277], [-97.861897, 26.4234], [-97.861895, 26.422066], [-97.861866, 26.407546], [-97.861851, 26.400281], [-97.861836, 26.393018], [-97.861821, 26.386012], [-97.861822, 26.385778], [-97.861826, 26.382407], [-97.861827, 26.382255], [-97.861828, 26.38218], [-97.861827, 26.382103], [-97.861838, 26.375347], [-97.861875, 26.372747], [-97.861875, 26.372645], [-97.861875, 26.371241], [-97.861875, 26.363913], [-97.861875, 26.353459], [-97.861875, 26.348348], [-97.861875, 26.348156], [-97.861875, 26.348088], [-97.861875, 26.348048], [-97.861892, 26.347869], [-97.861902, 26.345062], [-97.861912, 26.342222], [-97.861912, 26.342147], [-97.861923, 26.339364], [-97.861926, 26.338526], [-97.861951, 26.331573], [-97.862041, 26.327746], [-97.862051, 26.327702], [-97.862066, 26.327621], [-97.862049, 26.32701], [-97.862001, 26.325177], [-97.861985, 26.324566], [-97.861982, 26.324459], [-97.861976, 26.32414], [-97.861974, 26.324034], [-97.861966, 26.32386], [-97.861942, 26.32334], [-97.861935, 26.323167], [-97.861927, 26.322999], [-97.861919, 26.322823], [-97.861897, 26.322497], [-97.861887, 26.32233], [-97.861875, 26.319309], [-97.861908, 26.319034], [-97.861867, 26.318243], [-97.861842, 26.317753], [-97.86184, 26.317698], [-97.86185, 26.317685], [-97.86187, 26.317614], [-97.861854, 26.317518], [-97.861838, 26.317424], [-97.861886, 26.316994], [-97.861888, 26.316956], [-97.861892, 26.31694], [-97.861892, 26.316876], [-97.861891, 26.31681], [-97.86189, 26.316744], [-97.86189, 26.316717], [-97.861924, 26.316484], [-97.861924, 26.31632], [-97.861775, 26.312949], [-97.861793, 26.312053], [-97.861826, 26.310365], [-97.861881, 26.307617], [-97.861885, 26.307145], [-97.861885, 26.307076], [-97.861887, 26.302621], [-97.86189, 26.295358], [-97.861889, 26.295109], [-97.86189, 26.293983], [-97.861891, 26.290343], [-97.861891, 26.284472], [-97.861893, 26.284067], [-97.861895, 26.277661], [-97.861898, 26.271478], [-97.861897, 26.259014], [-97.861901, 26.258869], [-97.861903, 26.254925], [-97.861904, 26.251741], [-97.861905, 26.248706], [-97.861902, 26.248122], [-97.861906, 26.245473], [-97.861907, 26.244491], [-97.861912, 26.241037], [-97.861908, 26.240901], [-97.861908, 26.240725], [-97.86191, 26.234791], [-97.86191, 26.233605], [-97.861911, 26.231301], [-97.861911, 26.230967], [-97.861913, 26.230051], [-97.861911, 26.229984], [-97.861911, 26.229869], [-97.861912, 26.22643], [-97.861913, 26.226334], [-97.861913, 26.226264], [-97.861916, 26.219207], [-97.861919, 26.218748], [-97.861918, 26.215449], [-97.861917, 26.214272], [-97.861916, 26.211803], [-97.86192, 26.20469], [-97.86192, 26.204416], [-97.86192, 26.20419], [-97.861923, 26.20093], [-97.861922, 26.199103], [-97.861925, 26.197229], [-97.861923, 26.195827], [-97.861927, 26.193323], [-97.861925, 26.189972], [-97.861926, 26.186404], [-97.861927, 26.18139], [-97.861928, 26.179476], [-97.862097, 26.171837], [-97.862095, 26.17174], [-97.86197, 26.165669], [-97.86197, 26.16565], [-97.861943, 26.164353], [-97.861891, 26.161835], [-97.861886, 26.161551], [-97.861876, 26.161111], [-97.861876, 26.161082], [-97.861852, 26.159893], [-97.861876, 26.15989], [-97.861852, 26.159879], [-97.861846, 26.159699], [-97.861843, 26.159621], [-97.861837, 26.15948], [-97.861838, 26.159231], [-97.86182, 26.158371], [-97.861811, 26.157916], [-97.861808, 26.157775], [-97.861793, 26.157074], [-97.861782, 26.156518], [-97.861764, 26.155667], [-97.86176, 26.155462], [-97.861726, 26.153899], [-97.861705, 26.152877], [-97.861698, 26.152526], [-97.861688, 26.151956], [-97.861684, 26.151736], [-97.861876, 26.149485], [-97.861875, 26.149416], [-97.861875, 26.146446], [-97.861875, 26.142104], [-97.861875, 26.142086], [-97.861874, 26.135469], [-97.861863, 26.131977], [-97.861862, 26.131874], [-97.861862, 26.131827], [-97.861875, 26.130353], [-97.861875, 26.130049], [-97.861875, 26.130033], [-97.861875, 26.129987], [-97.861875, 26.129972], [-97.861875, 26.129954], [-97.861875, 26.129903], [-97.861875, 26.129886], [-97.861875, 26.128979], [-97.861875, 26.126259], [-97.861875, 26.125353], [-97.861875, 26.124341], [-97.861875, 26.121306], [-97.861875, 26.120295], [-97.861875, 26.118631], [-97.861875, 26.113642], [-97.861875, 26.112589], [-97.861875, 26.111979], [-97.861875, 26.109289], [-97.861875, 26.109225], [-97.861875, 26.107795], [-97.861875, 26.105506], [-97.861875, 26.103454], [-97.861875, 26.091989], [-97.861875, 26.084383], [-97.861876, 26.08419], [-97.861876, 26.083948], [-97.861876, 26.083846], [-97.861877, 26.08367], [-97.861875, 26.081945], [-97.861875, 26.08171], [-97.861875, 26.081466], [-97.861875, 26.071031], [-97.861875, 26.070855], [-97.861802, 26.070272], [-97.861791, 26.070125], [-97.862099, 26.070086], [-97.862541, 26.069935], [-97.862905, 26.069759], [-97.86324, 26.069494], [-97.863479, 26.069234], [-97.863701, 26.068944], [-97.864035, 26.068359], [-97.864233, 26.067842], [-97.864422, 26.067414], [-97.864612, 26.066909], [-97.86475, 26.066526], [-97.864888, 26.066174], [-97.865008, 26.065822], [-97.865198, 26.065333], [-97.865352, 26.065027], [-97.865524, 26.06466], [-97.865661, 26.064384], [-97.865775, 26.064089], [-97.866, 26.063577], [-97.866225, 26.063069], [-97.866384, 26.062671], [-97.866556, 26.062319], [-97.866762, 26.06189], [-97.866951, 26.06137], [-97.867106, 26.061018], [-97.867226, 26.060743], [-97.867432, 26.06033], [-97.867569, 26.06007], [-97.867758, 26.059779], [-97.867929, 26.059473], [-97.868032, 26.059275], [-97.868135, 26.059045], [-97.868341, 26.058755], [-97.868415, 26.058519], [-97.868462, 26.058156], [-97.868495, 26.057909], [-97.868414, 26.057713], [-97.868385, 26.057409], [-97.868468, 26.057161], [-97.868673, 26.056947], [-97.868996, 26.056841], [-97.869336, 26.056843], [-97.869624, 26.056906], [-97.869928, 26.057045], [-97.870267, 26.057276], [-97.870605, 26.057599], [-97.870942, 26.057985], [-97.871225, 26.058399], [-97.871753, 26.05929], [-97.872245, 26.060119], [-97.872495, 26.060518], [-97.872712, 26.060864], [-97.872948, 26.061241], [-97.873185, 26.061619], [-97.873568, 26.062061], [-97.873939, 26.062489], [-97.874276, 26.062798], [-97.87463, 26.063137], [-97.874985, 26.063479], [-97.875357, 26.063769], [-97.875712, 26.064016], [-97.876099, 26.064266], [-97.876558, 26.064525], [-97.877015, 26.064727], [-97.877421, 26.064928], [-97.87793, 26.065068], [-97.878421, 26.065162], [-97.878964, 26.06518], [-97.879609, 26.065259], [-97.879999, 26.065322], [-97.880423, 26.065447], [-97.880785, 26.065539], [-97.88105, 26.065664], [-97.881285, 26.065729], [-97.881985, 26.065869], [-97.882474, 26.065885], [-97.882881, 26.065902], [-97.88334, 26.065904], [-97.884205, 26.066059], [-97.884865, 26.066199], [-97.885265, 26.066299], [-97.885713, 26.066421], [-97.886154, 26.06653], [-97.886544, 26.066608], [-97.886901, 26.066657], [-97.887172, 26.066657], [-97.887443, 26.066643], [-97.887699, 26.066537], [-97.887886, 26.0664], [-97.888006, 26.066216], [-97.888149, 26.066029], [-97.888263, 26.065803], [-97.888306, 26.065498], [-97.888334, 26.06516], [-97.888252, 26.064592], [-97.88817, 26.064163], [-97.888121, 26.063779], [-97.888115, 26.063179], [-97.888143, 26.062798], [-97.888162, 26.062507], [-97.888248, 26.062262], [-97.888425, 26.061999], [-97.888556, 26.061788], [-97.888735, 26.061609], [-97.888947, 26.061421], [-97.889175, 26.061219], [-97.889442, 26.061041], [-97.889715, 26.060889], [-97.890021, 26.060721], [-97.89031, 26.0606], [-97.89065, 26.060494], [-97.891041, 26.060373], [-97.8915, 26.060253], [-97.892125, 26.060179], [-97.892885, 26.060139], [-97.893588, 26.060185], [-97.894215, 26.060349], [-97.895182, 26.060606], [-97.895927, 26.060793], [-97.896643, 26.060981], [-97.897225, 26.061109], [-97.89759, 26.061163], [-97.897945, 26.061217], [-97.898624, 26.061295], [-97.899302, 26.06136], [-97.899896, 26.061362], [-97.90066, 26.061319], [-97.901272, 26.06123], [-97.901945, 26.061069], [-97.902614, 26.060898], [-97.903277, 26.060687], [-97.903941, 26.060383], [-97.90486, 26.059896], [-97.905403, 26.059503], [-97.906172, 26.058967], [-97.906666, 26.058601], [-97.907534, 26.058053], [-97.907996, 26.057719], [-97.90842, 26.057413], [-97.909237, 26.057002], [-97.90956, 26.05685], [-97.909934, 26.056698], [-97.910325, 26.056577], [-97.91075, 26.056457], [-97.91109, 26.056412], [-97.911566, 26.056368], [-97.912041, 26.056339], [-97.912482, 26.056326], [-97.912991, 26.056313], [-97.91345, 26.056361], [-97.913924, 26.05647], [-97.914405, 26.056649], [-97.914965, 26.056899], [-97.915516, 26.057136], [-97.916041, 26.057353], [-97.916705, 26.057599], [-97.917295, 26.057819], [-97.917685, 26.057959], [-97.918245, 26.058109], [-97.918583, 26.058191], [-97.919007, 26.058208], [-97.919415, 26.058164], [-97.919682, 26.05814], [-97.919941, 26.058105], [-97.920585, 26.057909], [-97.921148, 26.05768], [-97.921665, 26.057419], [-97.92194, 26.057269], [-97.922254, 26.057118], [-97.922816, 26.056814], [-97.923535, 26.056389], [-97.924007, 26.056159], [-97.92445, 26.055962], [-97.924807, 26.055795], [-97.925465, 26.055569], [-97.925802, 26.055415], [-97.926151, 26.055202], [-97.926535, 26.054989], [-97.926967, 26.054868], [-97.927275, 26.054959], [-97.92756, 26.055131], [-97.927695, 26.055339], [-97.927844, 26.055572], [-97.928014, 26.055854], [-97.928175, 26.056189], [-97.928435, 26.056819], [-97.928803, 26.057605], [-97.929021, 26.058219], [-97.929188, 26.058817], [-97.929405, 26.05986], [-97.929565, 26.060629], [-97.929701, 26.061441], [-97.929817, 26.062024], [-97.929933, 26.0625], [-97.930134, 26.06296], [-97.930285, 26.063421], [-97.930425, 26.064039], [-97.930501, 26.064342], [-97.930655, 26.064629], [-97.930838, 26.064864], [-97.931193, 26.065142], [-97.931616, 26.065373], [-97.932141, 26.065544], [-97.932735, 26.065639], [-97.933431, 26.065626], [-97.934076, 26.065506], [-97.934505, 26.065349], [-97.93491, 26.065172], [-97.935235, 26.064939], [-97.935466, 26.06474], [-97.93572, 26.064524], [-97.936051, 26.06424], [-97.936478, 26.06386], [-97.936805, 26.063479], [-97.937115, 26.063059], [-97.937248, 26.062637], [-97.937283, 26.06233], [-97.937215, 26.061979], [-97.9371, 26.061716], [-97.936915, 26.061449], [-97.936576, 26.061162], [-97.936051, 26.060829], [-97.935525, 26.060539], [-97.9349, 26.060282], [-97.934005, 26.059819], [-97.933428, 26.059463], [-97.932497, 26.058861], [-97.931872, 26.058338], [-97.931467, 26.057754], [-97.931199, 26.057139], [-97.931117, 26.056449], [-97.931136, 26.056081], [-97.931227, 26.055635], [-97.931344, 26.055254], [-97.93143, 26.054963], [-97.931567, 26.054703], [-97.931892, 26.054214], [-97.932205, 26.053839], [-97.932485, 26.053519], [-97.932845, 26.053239], [-97.933273, 26.052978], [-97.933865, 26.052759], [-97.934435, 26.052639], [-97.935108, 26.052556], [-97.935705, 26.052609], [-97.936051, 26.05267], [-97.936385, 26.052729], [-97.937007, 26.052932], [-97.937485, 26.053213], [-97.937887, 26.053472], [-97.93836, 26.053903], [-97.93871, 26.054317], [-97.938967, 26.054656], [-97.939355, 26.055195], [-97.939861, 26.055871], [-97.940235, 26.056449], [-97.940625, 26.056919], [-97.940985, 26.057309], [-97.941495, 26.057779], [-97.942125, 26.058359], [-97.942615, 26.058739], [-97.942935, 26.058959], [-97.943679, 26.059443], [-97.944356, 26.059875], [-97.945338, 26.060477], [-97.946505, 26.061079], [-97.947036, 26.061333], [-97.947485, 26.061549], [-97.948165, 26.061809], [-97.948589, 26.061946], [-97.948962, 26.062024], [-97.949352, 26.062072], [-97.949745, 26.062089], [-97.950056, 26.062108], [-97.950354, 26.062122], [-97.950778, 26.062154], [-97.951235, 26.062189], [-97.951728, 26.062173], [-97.952187, 26.062113], [-97.952815, 26.062009], [-97.953614, 26.061843], [-97.954435, 26.061669], [-97.95499, 26.061481], [-97.955385, 26.061269], [-97.955676, 26.061076], [-97.955944, 26.060856], [-97.956241, 26.060503], [-97.956457, 26.060215], [-97.956986, 26.059403], [-97.957379, 26.058914], [-97.95772, 26.058548], [-97.95847, 26.057824], [-97.958947, 26.057449], [-97.959395, 26.057159], [-97.959935, 26.056749], [-97.960225, 26.056534], [-97.960548, 26.056305], [-97.960852, 26.056074], [-97.961127, 26.055847], [-97.961335, 26.055369], [-97.961545, 26.054799], [-97.961626, 26.054424], [-97.961785, 26.053979], [-97.961901, 26.053689], [-97.962039, 26.053383], [-97.962295, 26.053062], [-97.962625, 26.052779], [-97.963095, 26.052421], [-97.96347, 26.052239], [-97.963776, 26.052117], [-97.964354, 26.051859], [-97.96483, 26.051753], [-97.965475, 26.051694], [-97.966137, 26.051682], [-97.966748, 26.051715], [-97.967307, 26.051855], [-97.967815, 26.052041], [-97.968325, 26.052239], [-97.968984, 26.052582], [-97.969508, 26.052951], [-97.96978, 26.053161], [-97.969948, 26.05329], [-97.970421, 26.053691], [-97.971012, 26.054291], [-97.971475, 26.054859], [-97.971856, 26.055352], [-97.972135, 26.055779], [-97.972675, 26.056619], [-97.972951, 26.057058], [-97.973275, 26.057369], [-97.973543, 26.057612], [-97.973881, 26.057843], [-97.974135, 26.057936], [-97.974457, 26.058044], [-97.974814, 26.058092], [-97.975306, 26.058155], [-97.975815, 26.058157], [-97.97652, 26.058146], [-97.976984, 26.058164], [-97.977585, 26.058259], [-97.977936, 26.058318], [-97.978225, 26.058439], [-97.978545, 26.058627], [-97.978799, 26.058904], [-97.979018, 26.059181], [-97.979165, 26.059489], [-97.979354, 26.059918], [-97.979471, 26.060301], [-97.979625, 26.061169], [-97.979685, 26.06182], [-97.979747, 26.062492], [-97.979775, 26.062789], [-97.979796, 26.063553], [-97.979794, 26.063967], [-97.979672, 26.064518], [-97.979624, 26.064823], [-97.979568, 26.065177], [-97.979463, 26.065774], [-97.979411, 26.066081], [-97.979426, 26.066418], [-97.979493, 26.066694], [-97.979615, 26.066909], [-97.979826, 26.067114], [-97.980084, 26.067294], [-97.980372, 26.067374], [-97.980779, 26.067435], [-97.981119, 26.067436], [-97.981475, 26.067389], [-97.982019, 26.067317], [-97.982597, 26.067181], [-97.983565, 26.066955], [-97.984385, 26.066759], [-97.985175, 26.066659], [-97.985965, 26.066579], [-97.986623, 26.06646], [-97.987286, 26.066217], [-97.987677, 26.066035], [-97.987933, 26.065836], [-97.988154, 26.065653], [-97.988274, 26.065439], [-97.988464, 26.065141], [-97.988633, 26.064796], [-97.988753, 26.064521], [-97.988815, 26.064189], [-97.988865, 26.063749], [-97.988865, 26.063159], [-97.988812, 26.062819], [-97.988757, 26.062491], [-97.988705, 26.062129], [-97.988647, 26.061792], [-97.988665, 26.061455], [-97.988718, 26.061133], [-97.988804, 26.060765], [-97.988993, 26.060383], [-97.989163, 26.060123], [-97.989454, 26.05974], [-97.989811, 26.059435], [-97.990213, 26.059137], [-97.990561, 26.058855], [-97.990799, 26.058657], [-97.991045, 26.058469], [-97.99148, 26.058307], [-97.991875, 26.058249], [-97.99221, 26.058325], [-97.992548, 26.058449], [-97.99287, 26.058664], [-97.993157, 26.058926], [-97.993309, 26.059141], [-97.993494, 26.059464], [-97.993713, 26.059986], [-97.994015, 26.060631], [-97.994268, 26.061184], [-97.994469, 26.06169], [-97.994721, 26.062182], [-97.994957, 26.062581], [-97.995294, 26.063104], [-97.995632, 26.063485], [-97.995875, 26.063759], [-97.996345, 26.064189], [-97.996895, 26.064559], [-97.997307, 26.064797], [-97.997565, 26.064919], [-97.997998, 26.065054], [-97.998476, 26.0652], [-97.999036, 26.065309], [-97.999562, 26.065342], [-97.999985, 26.06536], [-98.000546, 26.06533], [-98.00069, 26.065294], [-98.001144, 26.065246], [-98.001688, 26.065156], [-98.002282, 26.065036], [-98.003302, 26.064744], [-98.003928, 26.064488], [-98.004627, 26.064104], [-98.005629, 26.063574], [-98.006627, 26.063024], [-98.007058, 26.062782], [-98.007467, 26.06244], [-98.007854, 26.062117], [-98.008177, 26.061704], [-98.008457, 26.061314], [-98.008521, 26.061205], [-98.008751, 26.060826], [-98.009063, 26.06019], [-98.009176, 26.059834], [-98.009286, 26.059491], [-98.009365, 26.059165], [-98.009465, 26.058805], [-98.009619, 26.058385], [-98.009894, 26.05787], [-98.010293, 26.057363], [-98.010539, 26.057086], [-98.010655, 26.056957], [-98.011002, 26.056614], [-98.011228, 26.056434], [-98.011508, 26.056254], [-98.01171, 26.056137], [-98.012012, 26.056083], [-98.012342, 26.056117], [-98.012545, 26.056289], [-98.012681, 26.056493], [-98.012747, 26.056695], [-98.01284, 26.057038], [-98.012868, 26.057325], [-98.012777, 26.057724], [-98.012577, 26.058224], [-98.012107, 26.059034], [-98.011497, 26.060038], [-98.011278, 26.060357], [-98.011114, 26.060712], [-98.010976, 26.061042], [-98.01088, 26.061434], [-98.010769, 26.061998], [-98.01074, 26.062427], [-98.010738, 26.062775], [-98.010775, 26.063241], [-98.010843, 26.063763], [-98.011056, 26.064605], [-98.011365, 26.065361], [-98.01173, 26.065852], [-98.012107, 26.066144], [-98.012556, 26.066352], [-98.012977, 26.066464], [-98.013417, 26.066504], [-98.013817, 26.066434], [-98.01439, 26.066052], [-98.014457, 26.065834], [-98.014542, 26.065611], [-98.01457, 26.065378], [-98.01453, 26.065108], [-98.014545, 26.064765], [-98.01458, 26.064412], [-98.014708, 26.063929], [-98.014877, 26.063409], [-98.015107, 26.062889], [-98.015274, 26.062609], [-98.015425, 26.062352], [-98.015684, 26.061948], [-98.015915, 26.061626], [-98.016108, 26.06141], [-98.016299, 26.06119], [-98.016585, 26.060958], [-98.016816, 26.060762], [-98.017089, 26.060555], [-98.01747, 26.060311], [-98.017933, 26.060067], [-98.018511, 26.059813], [-98.018586, 26.05978], [-98.019077, 26.059564], [-98.019384, 26.059341], [-98.019603, 26.059195], [-98.019873, 26.058982], [-98.020246, 26.058743], [-98.020556, 26.058633], [-98.020886, 26.058626], [-98.021224, 26.058692], [-98.021658, 26.058915], [-98.021996, 26.059222], [-98.022253, 26.059603], [-98.022428, 26.059923], [-98.022684, 26.060243], [-98.022792, 26.060525], [-98.022872, 26.060869], [-98.023033, 26.061323], [-98.023194, 26.061777], [-98.023315, 26.062158], [-98.023422, 26.062477], [-98.023623, 26.062993], [-98.023861, 26.063475], [-98.024109, 26.063865], [-98.024446, 26.064382], [-98.024737, 26.065074], [-98.025047, 26.065654], [-98.025336, 26.065967], [-98.025657, 26.066254], [-98.026237, 26.066584], [-98.026568, 26.066731], [-98.026962, 26.066806], [-98.027246, 26.06693], [-98.027558, 26.067005], [-98.02802, 26.066957], [-98.028417, 26.066844], [-98.02885, 26.066666], [-98.029204, 26.066446], [-98.029653, 26.066165], [-98.030089, 26.065848], [-98.030538, 26.065469], [-98.030947, 26.065104], [-98.031327, 26.064694], [-98.03167, 26.064271], [-98.031916, 26.063892], [-98.03219, 26.063439], [-98.032504, 26.0629], [-98.032723, 26.062558], [-98.032873, 26.062276], [-98.033011, 26.061933], [-98.033207, 26.061404], [-98.033377, 26.060944], [-98.033546, 26.060414], [-98.033711, 26.0599], [-98.033827, 26.059444], [-98.034001, 26.058809], [-98.034084, 26.058356], [-98.034182, 26.057816], [-98.034265, 26.057302], [-98.034307, 26.056946], [-98.034377, 26.056554], [-98.034433, 26.056223], [-98.034461, 26.055843], [-98.03449, 26.055487], [-98.034491, 26.055205], [-98.034417, 26.054664], [-98.034413, 26.054297], [-98.0344, 26.054089], [-98.034388, 26.053856], [-98.03432, 26.053463], [-98.034277, 26.053094], [-98.034293, 26.052739], [-98.034307, 26.052444], [-98.034408, 26.052237], [-98.034436, 26.051979], [-98.034451, 26.051697], [-98.034466, 26.051464], [-98.034467, 26.051144], [-98.034481, 26.050986], [-98.034509, 26.050741], [-98.034606, 26.050398], [-98.034716, 26.05003], [-98.034921, 26.049553], [-98.035086, 26.049173], [-98.035305, 26.048757], [-98.035537, 26.048402], [-98.03581, 26.048059], [-98.03611, 26.047754], [-98.036438, 26.047313], [-98.036765, 26.046861], [-98.037189, 26.046224], [-98.037353, 26.045931], [-98.03749, 26.045637], [-98.037709, 26.045135], [-98.037901, 26.044596], [-98.038066, 26.044106], [-98.038149, 26.043775], [-98.038219, 26.043211], [-98.038262, 26.042782], [-98.038304, 26.042353], [-98.038359, 26.042083], [-98.038415, 26.041862], [-98.03847, 26.041642], [-98.038606, 26.041446], [-98.038811, 26.041263], [-98.039178, 26.041215], [-98.039476, 26.041277], [-98.039801, 26.041389], [-98.04014, 26.041537], [-98.040628, 26.041784], [-98.041061, 26.042031], [-98.041725, 26.04245], [-98.042334, 26.042844], [-98.042787, 26.043132], [-98.043269, 26.043387], [-98.043757, 26.043622], [-98.044367, 26.043832], [-98.044923, 26.044042], [-98.045492, 26.044216], [-98.04613, 26.044365], [-98.046634, 26.044464], [-98.047038, 26.044527], [-98.047595, 26.044578], [-98.048396, 26.044581], [-98.04902, 26.044571], [-98.049767, 26.044524], [-98.050406, 26.044514], [-98.051057, 26.044553], [-98.051749, 26.044567], [-98.052317, 26.044624], [-98.053039, 26.044633], [-98.053917, 26.044624], [-98.054614, 26.04465], [-98.055224, 26.044738], [-98.055889, 26.044838], [-98.05654, 26.044975], [-98.057272, 26.04521], [-98.058113, 26.045569], [-98.058655, 26.045816], [-98.059238, 26.046063], [-98.059916, 26.046261], [-98.060364, 26.046312], [-98.060689, 26.046362], [-98.061083, 26.0464], [-98.061409, 26.046352], [-98.061787, 26.046294], [-98.062455, 26.046159], [-98.063039, 26.046026], [-98.063624, 26.045831], [-98.064168, 26.045563], [-98.064687, 26.045244], [-98.065121, 26.044916], [-98.065502, 26.044562], [-98.065939, 26.043999], [-98.066307, 26.043571], [-98.066648, 26.043155], [-98.066935, 26.042751], [-98.067245, 26.042333], [-98.067535, 26.041907], [-98.067849, 26.041454], [-98.068123, 26.041001], [-98.068532, 26.040352], [-98.06901, 26.039618], [-98.069297, 26.039202], [-98.069666, 26.03859], [-98.069918, 26.038158], [-98.070212, 26.037733], [-98.070517, 26.037334], [-98.070721, 26.037162], [-98.070897, 26.037014], [-98.071407, 26.036754], [-98.071791, 26.036622], [-98.072158, 26.036537], [-98.072633, 26.036477], [-98.073244, 26.036442], [-98.073679, 26.036431], [-98.07414, 26.036433], [-98.074534, 26.036458], [-98.074887, 26.036459], [-98.075416, 26.036424], [-98.075987, 26.03634], [-98.076462, 26.036268], [-98.076788, 26.036269], [-98.0771, 26.036368], [-98.077425, 26.036577], [-98.077655, 26.036811], [-98.077871, 26.037057], [-98.078222, 26.037585], [-98.078425, 26.037917], [-98.07857, 26.038245], [-98.078717, 26.038574], [-98.078896, 26.038961], [-98.07903, 26.039415], [-98.079208, 26.039881], [-98.079407, 26.040275], [-98.079579, 26.040596], [-98.079839, 26.040938], [-98.080067, 26.041434], [-98.080127, 26.041734], [-98.079997, 26.042004], [-98.079671, 26.042213], [-98.079182, 26.042322], [-98.078639, 26.042357], [-98.077852, 26.042282], [-98.076942, 26.042303], [-98.076535, 26.042327], [-98.075991, 26.042386], [-98.075407, 26.042495], [-98.074727, 26.042674], [-98.074184, 26.042859], [-98.073735, 26.043078], [-98.073205, 26.043371], [-98.072637, 26.043744], [-98.072102, 26.044226], [-98.071665, 26.044716], [-98.071278, 26.045236], [-98.071092, 26.045486], [-98.070914, 26.045866], [-98.070695, 26.046368], [-98.070467, 26.046984], [-98.070339, 26.047361], [-98.070247, 26.047744], [-98.070165, 26.048146], [-98.070087, 26.048524], [-98.070032, 26.049383], [-98.069997, 26.050484], [-98.070077, 26.051154], [-98.070307, 26.052242], [-98.070454, 26.052806], [-98.070641, 26.053457], [-98.070977, 26.054274], [-98.071436, 26.055225], [-98.071719, 26.055668], [-98.071895, 26.055926], [-98.072087, 26.056114], [-98.072767, 26.056706], [-98.073303, 26.057095], [-98.073654, 26.05744], [-98.073979, 26.057772], [-98.074263, 26.058116], [-98.074452, 26.058386], [-98.074641, 26.058657], [-98.074789, 26.058964], [-98.074924, 26.059209], [-98.075099, 26.059676], [-98.075247, 26.060114], [-98.075517, 26.061044], [-98.075689, 26.061603], [-98.075755, 26.062082], [-98.075767, 26.062462], [-98.075737, 26.062824], [-98.075655, 26.063467], [-98.075599, 26.063798], [-98.075585, 26.06408], [-98.075571, 26.064289], [-98.075607, 26.064554], [-98.075597, 26.064944], [-98.075677, 26.065414], [-98.075836, 26.066043], [-98.076087, 26.066804], [-98.076133, 26.066925], [-98.076252, 26.067234], [-98.076417, 26.067564], [-98.076707, 26.068054], [-98.077037, 26.068544], [-98.077416, 26.069053], [-98.07774, 26.069496], [-98.078021, 26.069843], [-98.078387, 26.070184], [-98.078793, 26.070443], [-98.079167, 26.070634], [-98.079717, 26.070884], [-98.080352, 26.071098], [-98.08099, 26.071185], [-98.081954, 26.071286], [-98.082657, 26.071304], [-98.083247, 26.071264], [-98.083652, 26.071206], [-98.083991, 26.071158], [-98.084508, 26.071], [-98.085079, 26.070732], [-98.085338, 26.070524], [-98.08557, 26.070316], [-98.085734, 26.07001], [-98.085816, 26.069704], [-98.085899, 26.069446], [-98.085913, 26.069176], [-98.085846, 26.068956], [-98.085711, 26.068685], [-98.085509, 26.068403], [-98.085097, 26.068124], [-98.084752, 26.067991], [-98.084289, 26.067872], [-98.083872, 26.067783], [-98.083237, 26.067704], [-98.082828, 26.067551], [-98.082389, 26.067388], [-98.08207, 26.067189], [-98.081712, 26.066932], [-98.081482, 26.066661], [-98.081293, 26.066428], [-98.081158, 26.066133], [-98.081027, 26.065844], [-98.080957, 26.065519], [-98.080958, 26.0652], [-98.080997, 26.064934], [-98.081131, 26.06469], [-98.081277, 26.064424], [-98.081627, 26.064062], [-98.082063, 26.06372], [-98.08254, 26.06339], [-98.083002, 26.063109], [-98.08352, 26.062804], [-98.084023, 26.062536], [-98.084431, 26.062329], [-98.085016, 26.062085], [-98.085657, 26.061714], [-98.08639, 26.061317], [-98.08707, 26.060902], [-98.087846, 26.06045], [-98.088363, 26.060182], [-98.088977, 26.059944], [-98.08941, 26.05978], [-98.090171, 26.059488], [-98.090661, 26.05922], [-98.091124, 26.059013], [-98.091531, 26.058854], [-98.092034, 26.058709], [-98.092333, 26.058636], [-98.092867, 26.058574], [-98.093528, 26.05859], [-98.093895, 26.05864], [-98.094302, 26.058703], [-98.094845, 26.058815], [-98.095455, 26.058976], [-98.095957, 26.059164], [-98.096517, 26.059414], [-98.096892, 26.059606], [-98.097285, 26.059852], [-98.097664, 26.060086], [-98.09803, 26.060345], [-98.098328, 26.060591], [-98.098626, 26.060874], [-98.098977, 26.061304], [-98.099342, 26.061722], [-98.099626, 26.062165], [-98.099761, 26.062472], [-98.099895, 26.062779], [-98.100057, 26.063147], [-98.100287, 26.063594], [-98.100678, 26.064105], [-98.101057, 26.064499], [-98.10145, 26.064843], [-98.101964, 26.065225], [-98.10237, 26.065594], [-98.102797, 26.066004], [-98.10321, 26.066394], [-98.103561, 26.066799], [-98.10394, 26.067193], [-98.104307, 26.067454], [-98.104707, 26.067604], [-98.105188, 26.067675], [-98.10569, 26.067676], [-98.106315, 26.067555], [-98.106845, 26.067348], [-98.107226, 26.067178], [-98.107607, 26.066974], [-98.108165, 26.066751], [-98.108525, 26.066611], [-98.108885, 26.066471], [-98.109222, 26.06634], [-98.109566, 26.066221], [-98.110028, 26.066095], [-98.110489, 26.065948], [-98.110987, 26.065854], [-98.111522, 26.065742], [-98.112012, 26.065666], [-98.112487, 26.065614], [-98.113017, 26.065527], [-98.113527, 26.065444], [-98.114008, 26.065369], [-98.114282, 26.065344], [-98.114402, 26.065333], [-98.114818, 26.065312], [-98.115135, 26.065317], [-98.115468, 26.065268], [-98.115915, 26.065212], [-98.116587, 26.065094], [-98.117137, 26.064994], [-98.11782, 26.064823], [-98.118546, 26.064658], [-98.119552, 26.064366], [-98.120887, 26.064034], [-98.121446, 26.063925], [-98.121903, 26.063796], [-98.122379, 26.06354], [-98.122733, 26.063259], [-98.123227, 26.062754], [-98.123583, 26.062464], [-98.123867, 26.062234], [-98.12419, 26.062086], [-98.124507, 26.061994], [-98.124951, 26.061891], [-98.125282, 26.061827], [-98.125413, 26.061801], [-98.125698, 26.061808], [-98.125977, 26.061824], [-98.126458, 26.061846], [-98.126906, 26.061958], [-98.127299, 26.062082], [-98.127678, 26.062211], [-98.128087, 26.062391], [-98.128467, 26.062584], [-98.129289, 26.06286], [-98.129967, 26.063134], [-98.130345, 26.063316], [-98.130567, 26.063534], [-98.130846, 26.063903], [-98.130997, 26.064254], [-98.131134, 26.064704], [-98.131225, 26.065074], [-98.131251, 26.06542], [-98.131236, 26.065755], [-98.131195, 26.06628], [-98.131114, 26.06665], [-98.130997, 26.067004], [-98.130834, 26.067449], [-98.130661, 26.067831], [-98.130435, 26.068224], [-98.130222, 26.068546], [-98.129877, 26.068939], [-98.129546, 26.069297], [-98.129007, 26.069864], [-98.128827, 26.070136], [-98.128656, 26.07044], [-98.128443, 26.070953], [-98.128256, 26.071454], [-98.128188, 26.072015], [-98.128213, 26.072589], [-98.128409, 26.073174], [-98.128685, 26.073605], [-98.128909, 26.073856], [-98.129173, 26.074036], [-98.12945, 26.074192], [-98.129767, 26.074274], [-98.129973, 26.074328], [-98.130111, 26.074361], [-98.13056, 26.07441], [-98.131023, 26.074411], [-98.131552, 26.074341], [-98.132108, 26.074187], [-98.132598, 26.074009], [-98.133127, 26.073774], [-98.13371, 26.073475], [-98.134297, 26.073074], [-98.134933, 26.072585], [-98.135353, 26.072285], [-98.135698, 26.071964], [-98.136057, 26.071554], [-98.136375, 26.071141], [-98.136628, 26.070748], [-98.136761, 26.07039], [-98.136881, 26.070092], [-98.136987, 26.069734], [-98.137081, 26.069436], [-98.137107, 26.069164], [-98.137163, 26.068827], [-98.137164, 26.068481], [-98.137117, 26.067984], [-98.137037, 26.067584], [-98.136887, 26.066764], [-98.136749, 26.065936], [-98.136617, 26.065294], [-98.136581, 26.064646], [-98.136636, 26.063966], [-98.13677, 26.063309], [-98.136958, 26.06251], [-98.136942, 26.062466], [-98.137132, 26.061949], [-98.137318, 26.0614], [-98.137558, 26.06084], [-98.137718, 26.06047], [-98.137917, 26.060076], [-98.138197, 26.0596], [-98.138515, 26.059123], [-98.138901, 26.058539], [-98.13906, 26.058252], [-98.139233, 26.057871], [-98.139417, 26.057274], [-98.139647, 26.056744], [-98.140017, 26.056044], [-98.140319, 26.055609], [-98.140587, 26.055224], [-98.140975, 26.054783], [-98.1412, 26.054509], [-98.141466, 26.054223], [-98.141767, 26.053874], [-98.142147, 26.053514], [-98.142341, 26.053317], [-98.1425, 26.053091], [-98.14258, 26.05284], [-98.142661, 26.052518], [-98.142715, 26.052172], [-98.142758, 26.051886], [-98.142817, 26.051504], [-98.142958, 26.051217], [-98.143077, 26.050974], [-98.143253, 26.050765], [-98.143397, 26.050594], [-98.143593, 26.050431], [-98.143858, 26.050181], [-98.144227, 26.049924], [-98.144777, 26.049574], [-98.145297, 26.049284], [-98.145579, 26.04917], [-98.145827, 26.049094], [-98.146148, 26.049052], [-98.146457, 26.049044], [-98.146769, 26.049102], [-98.147077, 26.049184], [-98.147363, 26.049294], [-98.147641, 26.04945], [-98.148023, 26.049702], [-98.148366, 26.049977], [-98.148775, 26.050373], [-98.149064, 26.050684], [-98.149288, 26.050983], [-98.149407, 26.051198], [-98.149485, 26.051533], [-98.149563, 26.051855], [-98.149536, 26.052177], [-98.149495, 26.0525], [-98.149414, 26.052953], [-98.149334, 26.053299], [-98.149275, 26.053623], [-98.149197, 26.054054], [-98.149207, 26.05454], [-98.149217, 26.055024], [-98.149342, 26.055523], [-98.149437, 26.055904], [-98.14964, 26.056351], [-98.149837, 26.056784], [-98.150118, 26.057216], [-98.150337, 26.057554], [-98.150618, 26.057768], [-98.150887, 26.057974], [-98.151289, 26.058152], [-98.151685, 26.058261], [-98.152108, 26.058309], [-98.152517, 26.058294], [-98.152862, 26.058252], [-98.153298, 26.058097], [-98.15359, 26.057919], [-98.153917, 26.057704], [-98.154451, 26.057312], [-98.155114, 26.056741], [-98.155545, 26.056379], [-98.156159, 26.055855], [-98.156479, 26.055526], [-98.156903, 26.055073], [-98.157368, 26.054561], [-98.15752, 26.054424], [-98.157887, 26.054084], [-98.158397, 26.053704], [-98.158678, 26.053563], [-98.158918, 26.053443], [-98.159182, 26.053348], [-98.159377, 26.053284], [-98.159738, 26.053194], [-98.160095, 26.053159], [-98.160597, 26.05322], [-98.160901, 26.053316], [-98.161178, 26.053472], [-98.161429, 26.053652], [-98.161758, 26.053903], [-98.161996, 26.054119], [-98.162167, 26.054364], [-98.162298, 26.054681], [-98.162377, 26.05492], [-98.162455, 26.055183], [-98.162467, 26.055505], [-98.16244, 26.055863], [-98.162337, 26.056174], [-98.16224, 26.056436], [-98.16212, 26.05665], [-98.161909, 26.056881], [-98.161717, 26.057124], [-98.161357, 26.057514], [-98.161109, 26.057721], [-98.160861, 26.057973], [-98.160541, 26.058198], [-98.160119, 26.058532], [-98.159833, 26.058765], [-98.159403, 26.059115], [-98.159085, 26.059342], [-98.158797, 26.059624], [-98.158508, 26.059918], [-98.158276, 26.060187], [-98.15809, 26.060509], [-98.157878, 26.060819], [-98.157718, 26.061177], [-98.157624, 26.061523], [-98.15757, 26.06206], [-98.157608, 26.06249], [-98.157726, 26.062909], [-98.157962, 26.063387], [-98.158318, 26.063841], [-98.158885, 26.064237], [-98.159717, 26.06449], [-98.160748, 26.064516], [-98.161661, 26.064375], [-98.162487, 26.064214], [-98.162852, 26.064115], [-98.163277, 26.063934], [-98.163686, 26.063699], [-98.163967, 26.063514], [-98.164533, 26.0632], [-98.164984, 26.062986], [-98.165387, 26.062824], [-98.165725, 26.062737], [-98.166069, 26.062678], [-98.166507, 26.062634], [-98.167057, 26.062674], [-98.167627, 26.062854], [-98.167932, 26.062981], [-98.168182, 26.063149], [-98.168486, 26.063424], [-98.168683, 26.063687], [-98.168841, 26.06395], [-98.169012, 26.064249], [-98.169183, 26.064632], [-98.169327, 26.065086], [-98.169615, 26.066161], [-98.169749, 26.066544], [-98.169877, 26.066914], [-98.170126, 26.067559], [-98.170257, 26.067864], [-98.170507, 26.068468], [-98.170777, 26.069004], [-98.171057, 26.069544], [-98.171335, 26.07007], [-98.171533, 26.070416], [-98.171835, 26.070859], [-98.172225, 26.071444], [-98.172573, 26.071864], [-98.172911, 26.072234], [-98.172955, 26.072283], [-98.173473, 26.072855], [-98.173786, 26.073132], [-98.174076, 26.073408], [-98.1743, 26.073623], [-98.174577, 26.073827], [-98.174933, 26.074114], [-98.175316, 26.074461], [-98.175711, 26.07488], [-98.175962, 26.07506], [-98.176227, 26.075194], [-98.176543, 26.07524], [-98.176777, 26.075234], [-98.177139, 26.075172], [-98.177477, 26.075114], [-98.178007, 26.074964], [-98.178314, 26.074811], [-98.178587, 26.074674], [-98.178696, 26.074595], [-98.178789, 26.074528], [-98.179031, 26.074374], [-98.17927, 26.074148], [-98.179429, 26.073933], [-98.179602, 26.073671], [-98.179775, 26.073337], [-98.179988, 26.0728], [-98.180066, 26.072358], [-98.180137, 26.071954], [-98.180176, 26.071619], [-98.180147, 26.071274], [-98.180178, 26.070962], [-98.180139, 26.070651], [-98.180088, 26.07015], [-98.180117, 26.069524], [-98.18009, 26.069195], [-98.180104, 26.068861], [-98.180145, 26.068454], [-98.180247, 26.068054], [-98.180385, 26.067667], [-98.180447, 26.067154], [-98.180577, 26.066554], [-98.180627, 26.066258], [-98.180628, 26.065888], [-98.180523, 26.065601], [-98.180347, 26.065334], [-98.180115, 26.06498], [-98.179891, 26.064764], [-98.179557, 26.064534], [-98.178997, 26.064214], [-98.178696, 26.064072], [-98.178317, 26.063894], [-98.177881, 26.063742], [-98.177475, 26.063564], [-98.176947, 26.063234], [-98.176707, 26.062834], [-98.176619, 26.062607], [-98.17658, 26.062344], [-98.176557, 26.06207], [-98.176581, 26.061831], [-98.176592, 26.061583], [-98.176675, 26.061294], [-98.176831, 26.060953], [-98.176994, 26.060733], [-98.1772, 26.060501], [-98.177418, 26.06034], [-98.177714, 26.060169], [-98.177987, 26.060044], [-98.178292, 26.059948], [-98.178607, 26.059894], [-98.178696, 26.059908], [-98.178953, 26.05995], [-98.179283, 26.060094], [-98.179573, 26.060274], [-98.179837, 26.060489], [-98.180167, 26.060788], [-98.180444, 26.061076], [-98.180694, 26.061375], [-98.180918, 26.061662], [-98.181274, 26.062104], [-98.181564, 26.062392], [-98.181777, 26.062574], [-98.182297, 26.062994], [-98.182804, 26.063374], [-98.183424, 26.063805], [-98.183859, 26.063997], [-98.184282, 26.064105], [-98.184639, 26.06419], [-98.185107, 26.064314], [-98.185432, 26.064418], [-98.185815, 26.064479], [-98.186145, 26.064516], [-98.186529, 26.064469], [-98.186912, 26.064386], [-98.18727, 26.064267], [-98.187574, 26.064101], [-98.187837, 26.063944], [-98.188097, 26.063767], [-98.188342, 26.063601], [-98.188515, 26.063446], [-98.188707, 26.063274], [-98.188869, 26.063046], [-98.189027, 26.062824], [-98.189151, 26.062612], [-98.189227, 26.062364], [-98.189295, 26.062086], [-98.189377, 26.061754], [-98.189486, 26.061156], [-98.18954, 26.060702], [-98.189594, 26.060189], [-98.189609, 26.059711], [-98.18965, 26.05915], [-98.189651, 26.058923], [-98.189691, 26.058732], [-98.189771, 26.058434], [-98.189864, 26.058052], [-98.189971, 26.057742], [-98.190131, 26.057288], [-98.190291, 26.056943], [-98.190476, 26.056644], [-98.190782, 26.05606], [-98.190928, 26.05581], [-98.191048, 26.055559], [-98.191194, 26.055249], [-98.19134, 26.054939], [-98.191493, 26.054637], [-98.191627, 26.054374], [-98.191805, 26.054128], [-98.191978, 26.053878], [-98.192111, 26.053544], [-98.192177, 26.053353], [-98.192257, 26.053186], [-98.192575, 26.053043], [-98.193077, 26.05302], [-98.193757, 26.053084], [-98.194319, 26.05319], [-98.194857, 26.053354], [-98.195402, 26.053539], [-98.195957, 26.053731], [-98.196419, 26.053935], [-98.196855, 26.054127], [-98.197185, 26.054307], [-98.197437, 26.054464], [-98.197753, 26.054654], [-98.198043, 26.054858], [-98.198346, 26.055109], [-98.198557, 26.055313], [-98.198808, 26.0556], [-98.199032, 26.055875], [-98.199374, 26.056365], [-98.199677, 26.056784], [-98.199874, 26.057143], [-98.200124, 26.057573], [-98.200374, 26.058171], [-98.20061, 26.058732], [-98.200781, 26.059139], [-98.200978, 26.059641], [-98.201294, 26.06031], [-98.20153, 26.060895], [-98.201797, 26.061474], [-98.202001, 26.061866], [-98.202148, 26.062198], [-98.202293, 26.062473], [-98.202507, 26.062874], [-98.202777, 26.063354], [-98.203082, 26.064051], [-98.203208, 26.064289], [-98.203376, 26.064593], [-98.203661, 26.065055], [-98.203937, 26.065442], [-98.204187, 26.065754], [-98.204657, 26.066324], [-98.205019, 26.066622], [-98.205349, 26.066874], [-98.205678, 26.067101], [-98.206141, 26.067329], [-98.20651, 26.067485], [-98.206827, 26.067617], [-98.20721, 26.067714], [-98.207567, 26.067798], [-98.208069, 26.067906], [-98.208677, 26.068015], [-98.209365, 26.068064], [-98.209973, 26.068101], [-98.210554, 26.068174], [-98.211327, 26.068344], [-98.211717, 26.068427], [-98.212047, 26.06856], [-98.212496, 26.068799], [-98.212853, 26.069003], [-98.213248, 26.06929], [-98.213605, 26.069566], [-98.213961, 26.069889], [-98.214167, 26.070174], [-98.21458, 26.070654], [-98.214747, 26.071044], [-98.214962, 26.071515], [-98.215106, 26.071921], [-98.215317, 26.072268], [-98.215541, 26.072638], [-98.215804, 26.072973], [-98.216068, 26.07338], [-98.216344, 26.073762], [-98.216742, 26.074169], [-98.217109, 26.074492], [-98.217426, 26.074732], [-98.217647, 26.074914], [-98.217941, 26.075127], [-98.218231, 26.075319], [-98.218586, 26.075529], [-98.218957, 26.075738], [-98.21934, 26.075894], [-98.219816, 26.076074], [-98.220265, 26.076242], [-98.220807, 26.076434], [-98.221494, 26.076627], [-98.2223, 26.076807], [-98.222844, 26.076902], [-98.223384, 26.076989], [-98.223992, 26.077061], [-98.224666, 26.077146], [-98.22538, 26.077215], [-98.226007, 26.077264], [-98.226609, 26.077293], [-98.227191, 26.077318], [-98.22764, 26.077307], [-98.228169, 26.077285], [-98.228738, 26.077263], [-98.229373, 26.077203], [-98.230017, 26.077144], [-98.230616, 26.077062], [-98.231157, 26.076974], [-98.231595, 26.076897], [-98.231978, 26.076802], [-98.232513, 26.076675], [-98.232997, 26.076544], [-98.233592, 26.076364], [-98.234174, 26.076233], [-98.235037, 26.076024], [-98.235695, 26.075851], [-98.236251, 26.075736], [-98.236847, 26.075618], [-98.237257, 26.075559], [-98.237687, 26.075504], [-98.238407, 26.075404], [-98.239069, 26.075299], [-98.23977, 26.075181], [-98.240484, 26.075003], [-98.241107, 26.074834], [-98.241697, 26.074664], [-98.242297, 26.074444], [-98.242777, 26.074204], [-98.243237, 26.073922], [-98.243727, 26.073565], [-98.244287, 26.073164], [-98.244654, 26.072898], [-98.245104, 26.072613], [-98.245342, 26.072469], [-98.24566, 26.072279], [-98.245938, 26.07216], [-98.246414, 26.072029], [-98.246665, 26.071982], [-98.246985, 26.07193], [-98.247327, 26.071876], [-98.247644, 26.071805], [-98.247975, 26.071769], [-98.248447, 26.071834], [-98.248797, 26.071904], [-98.249085, 26.072022], [-98.249349, 26.072142], [-98.249666, 26.072346], [-98.249956, 26.072549], [-98.250194, 26.072776], [-98.250467, 26.073104], [-98.250737, 26.073444], [-98.251007, 26.073774], [-98.251248, 26.074211], [-98.25134, 26.074569], [-98.251379, 26.074892], [-98.251404, 26.075382], [-98.251417, 26.075799], [-98.251403, 26.076253], [-98.251362, 26.076671], [-98.251295, 26.077138], [-98.251241, 26.077554], [-98.251227, 26.07796], [-98.251253, 26.078175], [-98.251358, 26.078438], [-98.251507, 26.078644], [-98.251767, 26.078929], [-98.252084, 26.079192], [-98.252572, 26.079539], [-98.253297, 26.079954], [-98.253558, 26.080087], [-98.254497, 26.080564], [-98.255407, 26.080934], [-98.256697, 26.081454], [-98.257487, 26.081814], [-98.258117, 26.082124], [-98.259266, 26.082658], [-98.260105, 26.083014], [-98.260669, 26.083214], [-98.260797, 26.083268], [-98.261247, 26.083434], [-98.261847, 26.083654], [-98.262554, 26.083923], [-98.263108, 26.084242], [-98.2635, 26.08445], [-98.263811, 26.084671], [-98.264325, 26.085075], [-98.264717, 26.085492], [-98.265117, 26.085964], [-98.265406, 26.086337], [-98.265554, 26.086667], [-98.265661, 26.087059], [-98.265715, 26.087413], [-98.265687, 26.08789], [-98.265672, 26.088355], [-98.265685, 26.088868], [-98.265765, 26.089382], [-98.265832, 26.089712], [-98.265927, 26.090084], [-98.266066, 26.09034], [-98.266182, 26.090618], [-98.266349, 26.090878], [-98.26656, 26.091217], [-98.26671, 26.091457], [-98.266867, 26.091664], [-98.267065, 26.091952], [-98.267357, 26.092295], [-98.267708, 26.092576], [-98.268006, 26.092785], [-98.268887, 26.093394], [-98.269344, 26.093704], [-98.269764, 26.093974], [-98.270183, 26.094256], [-98.270832, 26.094672], [-98.271167, 26.094847], [-98.271508, 26.095028], [-98.27192, 26.09526], [-98.272306, 26.095482], [-98.272834, 26.095813], [-98.273237, 26.096144], [-98.273726, 26.096523], [-98.274105, 26.096866], [-98.274564, 26.097246], [-98.275051, 26.097687], [-98.275497, 26.098042], [-98.275997, 26.098414], [-98.276547, 26.098704], [-98.277147, 26.099011], [-98.277737, 26.099144], [-98.278537, 26.099284], [-98.279259, 26.09943], [-98.279586, 26.099509], [-98.279922, 26.09959], [-98.280547, 26.099754], [-98.281384, 26.099935], [-98.282318, 26.100169], [-98.283144, 26.100378], [-98.283577, 26.100537], [-98.283902, 26.100672], [-98.284226, 26.100856], [-98.284477, 26.101034], [-98.284875, 26.101322], [-98.285132, 26.101542], [-98.285295, 26.101726], [-98.285794, 26.102326], [-98.286065, 26.10262], [-98.286295, 26.10284], [-98.286727, 26.103232], [-98.286916, 26.103428], [-98.287246, 26.103662], [-98.287484, 26.10382], [-98.287755, 26.104029], [-98.287998, 26.1042], [-98.28812, 26.104335], [-98.288215, 26.104457], [-98.288417, 26.104775], [-98.288539, 26.104947], [-98.288606, 26.105081], [-98.28866, 26.10524], [-98.288673, 26.105363], [-98.288632, 26.105546], [-98.288524, 26.105778], [-98.288374, 26.105974], [-98.288167, 26.106114], [-98.287873, 26.106303], [-98.287587, 26.106444], [-98.287019, 26.106693], [-98.286517, 26.106863], [-98.285975, 26.107021], [-98.285379, 26.107095], [-98.284867, 26.107194], [-98.284336, 26.107325], [-98.283889, 26.107446], [-98.283523, 26.107556], [-98.283076, 26.107677], [-98.282629, 26.10775], [-98.282128, 26.107798], [-98.281613, 26.107834], [-98.281166, 26.107858], [-98.280719, 26.107845], [-98.280204, 26.107819], [-98.279747, 26.107754], [-98.279586, 26.107732], [-98.279157, 26.107674], [-98.27858, 26.10756], [-98.278052, 26.107413], [-98.277565, 26.107277], [-98.277118, 26.10713], [-98.276537, 26.106874], [-98.276236, 26.106768], [-98.275827, 26.106624], [-98.275264, 26.106467], [-98.274722, 26.106368], [-98.273767, 26.106214], [-98.272881, 26.106133], [-98.272366, 26.106107], [-98.272014, 26.106107], [-98.271667, 26.106134], [-98.271286, 26.106184], [-98.270931, 26.106252], [-98.270635, 26.106385], [-98.270387, 26.106524], [-98.27028, 26.106654], [-98.270185, 26.106789], [-98.270102, 26.107082], [-98.270075, 26.107302], [-98.270167, 26.107608], [-98.270345, 26.107926], [-98.270461, 26.108062], [-98.27071, 26.108342], [-98.270953, 26.108661], [-98.271169, 26.108979], [-98.271358, 26.109309], [-98.271506, 26.10964], [-98.271668, 26.11008], [-98.271757, 26.110474], [-98.271869, 26.110875], [-98.271923, 26.111267], [-98.272027, 26.111974], [-98.272097, 26.112343], [-98.272096, 26.112734], [-98.272027, 26.113162], [-98.271945, 26.113443], [-98.271837, 26.113761], [-98.271701, 26.114017], [-98.271537, 26.114286], [-98.271347, 26.114567], [-98.271006, 26.114859], [-98.270697, 26.115124], [-98.270276, 26.115384], [-98.269896, 26.115579], [-98.269517, 26.115738], [-98.269083, 26.115835], [-98.26873, 26.115874], [-98.268324, 26.115895], [-98.267864, 26.115931], [-98.267471, 26.116016], [-98.267197, 26.116093], [-98.266861, 26.116186], [-98.26659, 26.11632], [-98.266319, 26.116454], [-98.266077, 26.116644], [-98.265898, 26.116893], [-98.265717, 26.117174], [-98.265588, 26.117437], [-98.265463, 26.117785], [-98.265394, 26.118079], [-98.265353, 26.118384], [-98.265325, 26.118653], [-98.265297, 26.118924], [-98.265324, 26.119241], [-98.265378, 26.119521], [-98.265458, 26.119876], [-98.265539, 26.120145], [-98.265655, 26.120344], [-98.265863, 26.120598], [-98.266039, 26.120757], [-98.266337, 26.120874], [-98.266675, 26.120942], [-98.267081, 26.120967], [-98.267516, 26.120952], [-98.267897, 26.120924], [-98.268247, 26.120834], [-98.268558, 26.120725], [-98.268829, 26.120603], [-98.269087, 26.120457], [-98.269318, 26.120286], [-98.269537, 26.120114], [-98.269725, 26.119822], [-98.269902, 26.119541], [-98.270065, 26.119285], [-98.270241, 26.118991], [-98.270473, 26.118515], [-98.270636, 26.118222], [-98.270853, 26.117843], [-98.271157, 26.117424], [-98.271647, 26.116944], [-98.272117, 26.116624], [-98.272647, 26.116344], [-98.273137, 26.116094], [-98.273457, 26.115964], [-98.273769, 26.115891], [-98.274108, 26.115831], [-98.274447, 26.115794], [-98.274839, 26.115759], [-98.275164, 26.115759], [-98.275476, 26.115784], [-98.275909, 26.115834], [-98.276491, 26.115945], [-98.277087, 26.116105], [-98.277637, 26.116354], [-98.278187, 26.116554], [-98.278914, 26.116792], [-98.279312, 26.116893], [-98.279586, 26.116949], [-98.279777, 26.116994], [-98.280146, 26.117112], [-98.280606, 26.117235], [-98.281297, 26.11742], [-98.281743, 26.117543], [-98.282203, 26.117714], [-98.282712, 26.117889], [-98.283232, 26.118034], [-98.284227, 26.118314], [-98.285317, 26.118704], [-98.286102, 26.118955], [-98.2869, 26.119226], [-98.287508, 26.119463], [-98.288127, 26.119704], [-98.288836, 26.119999], [-98.289418, 26.120281], [-98.289918, 26.120514], [-98.290368, 26.120652], [-98.290767, 26.120754], [-98.291232, 26.120834], [-98.291737, 26.120874], [-98.292422, 26.120906], [-98.292803, 26.120946], [-98.293263, 26.120947], [-98.29363, 26.120908], [-98.293981, 26.120875], [-98.294727, 26.120764], [-98.295228, 26.120681], [-98.295729, 26.120559], [-98.296176, 26.120413], [-98.29665, 26.120255], [-98.297111, 26.120036], [-98.297369, 26.119901], [-98.29764, 26.119743], [-98.297911, 26.119572], [-98.298197, 26.119324], [-98.298653, 26.118946], [-98.299017, 26.118644], [-98.29939, 26.11829], [-98.299526, 26.118123], [-98.299727, 26.117874], [-98.299906, 26.117606], [-98.300028, 26.11735], [-98.300096, 26.117093], [-98.30011, 26.116763], [-98.300165, 26.116286], [-98.300193, 26.115919], [-98.300256, 26.115487], [-98.300371, 26.115162], [-98.30052, 26.114819], [-98.300697, 26.114465], [-98.300833, 26.114184], [-98.301036, 26.113879], [-98.301187, 26.113664], [-98.301579, 26.11328], [-98.301932, 26.112926], [-98.30223, 26.112658], [-98.302507, 26.112374], [-98.302771, 26.112049], [-98.303027, 26.111734], [-98.303221, 26.111461], [-98.303343, 26.111204], [-98.303452, 26.110935], [-98.30352, 26.110679], [-98.303562, 26.110349], [-98.303603, 26.109994], [-98.303563, 26.109615], [-98.303496, 26.109273], [-98.303402, 26.108967], [-98.303294, 26.108636], [-98.30301, 26.108098], [-98.302686, 26.107474], [-98.302457, 26.107144], [-98.302186, 26.106813], [-98.301902, 26.106556], [-98.301591, 26.106335], [-98.301093, 26.106065], [-98.300861, 26.105967], [-98.300509, 26.105869], [-98.300211, 26.105808], [-98.299927, 26.105774], [-98.299634, 26.105764], [-98.299247, 26.105804], [-98.298924, 26.105867], [-98.298778, 26.10589], [-98.298613, 26.105866], [-98.29845, 26.10583], [-98.298237, 26.105723], [-98.29802, 26.105605], [-98.297771, 26.105478], [-98.29754, 26.105257], [-98.297403, 26.105066], [-98.297317, 26.104715], [-98.297277, 26.104464], [-98.29732, 26.104142], [-98.297395, 26.103873], [-98.297536, 26.10356], [-98.297667, 26.103286], [-98.297792, 26.103069], [-98.297993, 26.102788], [-98.298231, 26.102544], [-98.298427, 26.102388], [-98.298633, 26.102261], [-98.298948, 26.102145], [-98.299237, 26.102044], [-98.299565, 26.101988], [-98.299879, 26.10194], [-98.300427, 26.101904], [-98.300822, 26.101904], [-98.301342, 26.101912], [-98.302013, 26.101943], [-98.302555, 26.101973], [-98.302988, 26.102013], [-98.303389, 26.102062], [-98.303833, 26.102121], [-98.304467, 26.102354], [-98.305147, 26.102754], [-98.305697, 26.103144], [-98.306167, 26.103584], [-98.306687, 26.104154], [-98.307077, 26.104734], [-98.307347, 26.105374], [-98.307467, 26.105716], [-98.307564, 26.106127], [-98.307607, 26.106401], [-98.307615, 26.106733], [-98.307649, 26.107066], [-98.30774, 26.10744], [-98.307867, 26.10788], [-98.308007, 26.108374], [-98.308188, 26.109053], [-98.308342, 26.109459], [-98.3085, 26.109826], [-98.30876, 26.110374], [-98.3089, 26.110717], [-98.309029, 26.111108], [-98.309072, 26.111343], [-98.309071, 26.111523], [-98.309068, 26.111715], [-98.309064, 26.111959], [-98.30906, 26.112214], [-98.309057, 26.112414], [-98.309107, 26.112673], [-98.309189, 26.112967], [-98.309296, 26.113221], [-98.309426, 26.113466], [-98.309556, 26.113711], [-98.309739, 26.113975], [-98.310005, 26.114282], [-98.310297, 26.114564], [-98.310887, 26.115024], [-98.311352, 26.115308], [-98.311785, 26.115514], [-98.312135, 26.115651], [-98.312467, 26.115749], [-98.312746, 26.115829], [-98.313052, 26.115868], [-98.313539, 26.115917], [-98.314428, 26.115928], [-98.315685, 26.115959], [-98.316172, 26.115999], [-98.31667, 26.116058], [-98.317147, 26.116147], [-98.317526, 26.116226], [-98.317916, 26.116344], [-98.318317, 26.116491], [-98.318652, 26.116657], [-98.319053, 26.116873], [-98.319464, 26.117099], [-98.31993, 26.117403], [-98.320341, 26.117667], [-98.320871, 26.11804], [-98.321294, 26.118334], [-98.321759, 26.118745], [-98.322018, 26.11899], [-98.322256, 26.119245], [-98.322711, 26.119842], [-98.323165, 26.12039], [-98.323828, 26.121249], [-98.324331, 26.121984], [-98.324387, 26.122064], [-98.324754, 26.122642], [-98.324947, 26.123054], [-98.325078, 26.123405], [-98.325186, 26.123689], [-98.325338, 26.124022], [-98.325445, 26.124345], [-98.325575, 26.124648], [-98.325726, 26.124903], [-98.325866, 26.125167], [-98.326158, 26.125598], [-98.326342, 26.125891], [-98.326517, 26.126254], [-98.326707, 26.126533], [-98.32688, 26.126788], [-98.32711, 26.127008], [-98.327369, 26.127252], [-98.327553, 26.127409], [-98.327759, 26.127576], [-98.327965, 26.127781], [-98.328213, 26.128056], [-98.328687, 26.128624], [-98.329097, 26.129084], [-98.329517, 26.129524], [-98.329912, 26.130024], [-98.330269, 26.130504], [-98.330607, 26.130959], [-98.330853, 26.131297], [-98.331188, 26.131659], [-98.33148, 26.13208], [-98.331783, 26.132491], [-98.332117, 26.133054], [-98.332421, 26.133568], [-98.332747, 26.134134], [-98.333177, 26.134821], [-98.333383, 26.135163], [-98.333545, 26.135438], [-98.33361, 26.135672], [-98.333696, 26.135829], [-98.333858, 26.136015], [-98.333982, 26.136139], [-98.334053, 26.136211], [-98.334281, 26.136368], [-98.334452, 26.136643], [-98.334677, 26.136914], [-98.335197, 26.137764], [-98.335416, 26.13813], [-98.335567, 26.138414], [-98.335643, 26.138619], [-98.335686, 26.138864], [-98.335685, 26.139059], [-98.335663, 26.139353], [-98.335631, 26.139568], [-98.335576, 26.139861], [-98.335511, 26.140106], [-98.335424, 26.140321], [-98.335287, 26.140554], [-98.335098, 26.14079], [-98.334891, 26.141034], [-98.334596, 26.1412], [-98.334337, 26.141344], [-98.334002, 26.141503], [-98.333982, 26.141509], [-98.333617, 26.141624], [-98.333133, 26.141675], [-98.33268, 26.141697], [-98.332062, 26.141706], [-98.331412, 26.141686], [-98.330664, 26.141675], [-98.329764, 26.141674], [-98.329125, 26.141702], [-98.328811, 26.141721], [-98.328344, 26.141789], [-98.327889, 26.141887], [-98.327477, 26.142043], [-98.327228, 26.14215], [-98.327011, 26.142316], [-98.32688, 26.142541], [-98.326739, 26.142893], [-98.326749, 26.143157], [-98.326836, 26.14345], [-98.326922, 26.143656], [-98.327047, 26.143864], [-98.327367, 26.144214], [-98.327679, 26.144449], [-98.328004, 26.144596], [-98.328394, 26.144753], [-98.328871, 26.144891], [-98.329283, 26.14497], [-98.329759, 26.145048], [-98.330865, 26.145138], [-98.331547, 26.145185], [-98.332247, 26.145234], [-98.332772, 26.145267], [-98.333292, 26.145366], [-98.333715, 26.145484], [-98.333982, 26.14557], [-98.33417, 26.145631], [-98.334581, 26.145827], [-98.334928, 26.146013], [-98.335274, 26.146239], [-98.335707, 26.146474], [-98.33588, 26.146608], [-98.336108, 26.146807], [-98.3364, 26.147101], [-98.336616, 26.147306], [-98.336855, 26.147542], [-98.337147, 26.147914], [-98.337363, 26.148237], [-98.337547, 26.148524], [-98.3377, 26.148816], [-98.337806, 26.14902], [-98.337979, 26.14944], [-98.33813, 26.1499], [-98.338292, 26.15037], [-98.338422, 26.150781], [-98.338562, 26.151192], [-98.338681, 26.151593], [-98.338702, 26.151906], [-98.338658, 26.15219], [-98.338593, 26.152386], [-98.338495, 26.152571], [-98.338354, 26.152806], [-98.338126, 26.153128], [-98.337637, 26.153644], [-98.337051, 26.154144], [-98.336671, 26.154437], [-98.336346, 26.154652], [-98.336118, 26.154799], [-98.335847, 26.154984], [-98.335565, 26.155238], [-98.335239, 26.155561], [-98.334913, 26.155942], [-98.334477, 26.156604], [-98.334164, 26.157105], [-98.333854, 26.15763], [-98.333597, 26.158134], [-98.333479, 26.158483], [-98.333348, 26.158865], [-98.333228, 26.159373], [-98.333151, 26.160019], [-98.333146, 26.160714], [-98.333158, 26.161027], [-98.33317, 26.16131], [-98.333225, 26.16178], [-98.333306, 26.162281], [-98.33344, 26.162817], [-98.333569, 26.163316], [-98.33372, 26.163737], [-98.333958, 26.164157], [-98.334196, 26.16449], [-98.334456, 26.164794], [-98.334694, 26.165058], [-98.334997, 26.165372], [-98.335268, 26.165577], [-98.335463, 26.165724], [-98.335744, 26.165891], [-98.336113, 26.166087], [-98.336503, 26.166244], [-98.337023, 26.166421], [-98.337456, 26.166509], [-98.337955, 26.166617], [-98.338518, 26.166696], [-98.339342, 26.166775], [-98.340036, 26.166825], [-98.340849, 26.166865], [-98.341423, 26.166885], [-98.341727, 26.166896], [-98.341997, 26.166955], [-98.342268, 26.167053], [-98.342626, 26.16717], [-98.343006, 26.167193], [-98.343363, 26.167201], [-98.343743, 26.167163], [-98.344133, 26.167084], [-98.34445, 26.166992], [-98.344797, 26.166864], [-98.345307, 26.166614], [-98.345738, 26.166323], [-98.346187, 26.165974], [-98.346627, 26.165554], [-98.346802, 26.165317], [-98.347008, 26.165072], [-98.347204, 26.164799], [-98.34741, 26.164515], [-98.347551, 26.164251], [-98.347703, 26.163909], [-98.347845, 26.163557], [-98.347975, 26.163215], [-98.348095, 26.162921], [-98.348215, 26.162599], [-98.348313, 26.162286], [-98.348454, 26.161924], [-98.348541, 26.161611], [-98.348563, 26.16123], [-98.348596, 26.160907], [-98.34864, 26.16031], [-98.348684, 26.15986], [-98.348718, 26.159283], [-98.34874, 26.158892], [-98.34873, 26.158452], [-98.348741, 26.157816], [-98.348757, 26.157164], [-98.34876, 26.156707], [-98.34875, 26.156306], [-98.348694, 26.156022], [-98.34874, 26.155739], [-98.348675, 26.155396], [-98.348643, 26.15521], [-98.348622, 26.155015], [-98.348611, 26.154799], [-98.348579, 26.154574], [-98.34859, 26.154183], [-98.348707, 26.153664], [-98.348815, 26.153364], [-98.349004, 26.153069], [-98.349149, 26.152811], [-98.349297, 26.15255], [-98.349436, 26.152376], [-98.349677, 26.152071], [-98.350002, 26.151818], [-98.350393, 26.151544], [-98.350946, 26.15132], [-98.351434, 26.151213], [-98.351759, 26.151154], [-98.352149, 26.151106], [-98.352529, 26.151087], [-98.352713, 26.151145], [-98.352919, 26.151263], [-98.353114, 26.151449], [-98.353417, 26.151694], [-98.353763, 26.152046], [-98.354196, 26.152565], [-98.354661, 26.153231], [-98.355137, 26.153916], [-98.355589, 26.15456], [-98.356165, 26.155394], [-98.356317, 26.15559], [-98.356468, 26.155786], [-98.356585, 26.155992], [-98.356782, 26.156246], [-98.357042, 26.156628], [-98.357366, 26.157049], [-98.357572, 26.157342], [-98.357788, 26.157665], [-98.357994, 26.158028], [-98.358134, 26.158292], [-98.358372, 26.158928], [-98.358501, 26.159349], [-98.358598, 26.159769], [-98.358598, 26.1602], [-98.358597, 26.16064], [-98.358586, 26.161119], [-98.358553, 26.161559], [-98.358531, 26.161892], [-98.358444, 26.162322], [-98.358237, 26.163124], [-98.357964, 26.164053], [-98.35779, 26.164562], [-98.357667, 26.165064], [-98.357427, 26.166114], [-98.357365, 26.166772], [-98.357332, 26.167261], [-98.357331, 26.167691], [-98.357374, 26.168249], [-98.357438, 26.168728], [-98.357514, 26.16912], [-98.357622, 26.169511], [-98.357751, 26.169951], [-98.357877, 26.170254], [-98.358157, 26.170864], [-98.358318, 26.171182], [-98.358507, 26.171554], [-98.358799, 26.17189], [-98.359097, 26.172234], [-98.359331, 26.172418], [-98.359657, 26.172524], [-98.360035, 26.172565], [-98.360367, 26.172524], [-98.36087, 26.17239], [-98.361217, 26.172283], [-98.361564, 26.172156], [-98.362117, 26.171924], [-98.362584, 26.171609], [-98.363083, 26.171248], [-98.363441, 26.170974], [-98.36381, 26.170711], [-98.364135, 26.170457], [-98.364483, 26.170222], [-98.364938, 26.170037], [-98.365426, 26.16989], [-98.365795, 26.169734], [-98.366218, 26.169559], [-98.366657, 26.169294], [-98.366923, 26.16906], [-98.367086, 26.168845], [-98.367227, 26.168611], [-98.367303, 26.168376], [-98.367358, 26.168102], [-98.36738, 26.167819], [-98.367337, 26.167496], [-98.367229, 26.167085], [-98.367067, 26.166762], [-98.366818, 26.166458], [-98.366597, 26.166214], [-98.366417, 26.165998], [-98.366127, 26.165744], [-98.365735, 26.165411], [-98.365437, 26.165065], [-98.365217, 26.164804], [-98.365025, 26.164531], [-98.364847, 26.164256], [-98.364728, 26.163991], [-98.36462, 26.163737], [-98.364524, 26.16349], [-98.364396, 26.162956], [-98.364317, 26.162614], [-98.364243, 26.162328], [-98.364197, 26.162044], [-98.364211, 26.1618], [-98.364211, 26.161506], [-98.364222, 26.161115], [-98.364244, 26.160812], [-98.364287, 26.160394], [-98.364354, 26.160098], [-98.364452, 26.159775], [-98.36456, 26.159404], [-98.364727, 26.159034], [-98.364897, 26.158748], [-98.365093, 26.158485], [-98.365342, 26.158279], [-98.365635, 26.158094], [-98.366036, 26.157899], [-98.366405, 26.157752], [-98.366763, 26.157664], [-98.367317, 26.157544], [-98.368096, 26.157451], [-98.368671, 26.157412], [-98.36905, 26.157412], [-98.369473, 26.157422], [-98.370253, 26.157443], [-98.370891, 26.157488], [-98.371098, 26.157506], [-98.371807, 26.157524], [-98.372768, 26.157582], [-98.373516, 26.157592], [-98.374267, 26.157604], [-98.374992, 26.15754], [-98.375343, 26.157496], [-98.376238, 26.15736], [-98.376751, 26.157285], [-98.377299, 26.15721], [-98.378285, 26.157042], [-98.379604, 26.156934], [-98.38029, 26.156831], [-98.381171, 26.156725], [-98.381955, 26.156701], [-98.382614, 26.156727], [-98.38337, 26.156746], [-98.383876, 26.156771], [-98.384258, 26.156834], [-98.384874, 26.157014], [-98.385464, 26.157224], [-98.38649, 26.157656], [-98.386858, 26.157894], [-98.387149, 26.158176], [-98.387484, 26.158514], [-98.387821, 26.158916], [-98.38805, 26.159229], [-98.388251, 26.159548], [-98.388464, 26.159874], [-98.388777, 26.160456], [-98.389061, 26.160989], [-98.389255, 26.161365], [-98.389449, 26.161797], [-98.38967, 26.162273], [-98.390144, 26.163294], [-98.390464, 26.164014], [-98.390674, 26.16444], [-98.390847, 26.164753], [-98.391046, 26.165024], [-98.391304, 26.165398], [-98.391739, 26.165965], [-98.392087, 26.166438], [-98.392465, 26.16685], [-98.392784, 26.167214], [-98.393444, 26.167784], [-98.394104, 26.168274], [-98.395033, 26.168975], [-98.395964, 26.169594], [-98.396864, 26.170129], [-98.397322, 26.170379], [-98.397613, 26.170474], [-98.397994, 26.17053], [-98.398384, 26.170504], [-98.398716, 26.170405], [-98.399028, 26.170274], [-98.399375, 26.170118], [-98.399722, 26.169993], [-98.400035, 26.169899], [-98.400354, 26.169881], [-98.400631, 26.169906], [-98.400867, 26.17], [-98.401103, 26.170176], [-98.401332, 26.170395], [-98.401664, 26.170746], [-98.401914, 26.171094], [-98.402165, 26.171515], [-98.402371, 26.171898], [-98.402544, 26.172268], [-98.402664, 26.172674], [-98.402814, 26.173645], [-98.402854, 26.174344], [-98.402834, 26.174874], [-98.40277, 26.175354], [-98.402687, 26.175717], [-98.402596, 26.176061], [-98.402436, 26.176512], [-98.402221, 26.176906], [-98.402096, 26.177144], [-98.401978, 26.177394], [-98.401887, 26.177682], [-98.401727, 26.178095], [-98.401567, 26.178521], [-98.401505, 26.178915], [-98.401504, 26.179254], [-98.401545, 26.179534], [-98.401532, 26.17971], [-98.401573, 26.179905], [-98.401642, 26.180067], [-98.401742, 26.180198], [-98.401904, 26.180554], [-98.402131, 26.180876], [-98.402363, 26.181151], [-98.402627, 26.181389], [-98.402952, 26.181615], [-98.403348, 26.181878], [-98.403875, 26.182179], [-98.404291, 26.182373], [-98.404904, 26.182644], [-98.405269, 26.182793], [-98.405678, 26.182931], [-98.406524, 26.183124], [-98.407454, 26.183258], [-98.408404, 26.183374], [-98.409474, 26.183414], [-98.410154, 26.183454], [-98.411048, 26.183473], [-98.41186, 26.183392], [-98.412401, 26.183267], [-98.412929, 26.183186], [-98.413768, 26.183155], [-98.414455, 26.183162], [-98.41483, 26.183187], [-98.415142, 26.183225], [-98.415489, 26.183301], [-98.415905, 26.183451], [-98.416245, 26.183595], [-98.416599, 26.183758], [-98.417094, 26.184024], [-98.41812, 26.184648], [-98.4187, 26.185012], [-98.419498, 26.185657], [-98.419865, 26.185983], [-98.420316, 26.186502], [-98.420718, 26.187003], [-98.421148, 26.18753], [-98.421363, 26.187818], [-98.421682, 26.188193], [-98.422035, 26.188588], [-98.422624, 26.189264], [-98.423082, 26.189734], [-98.423526, 26.190154], [-98.423949, 26.19048], [-98.424484, 26.190914], [-98.424879, 26.191206], [-98.425288, 26.19147], [-98.425794, 26.191795], [-98.426259, 26.192077], [-98.42671, 26.192359], [-98.427133, 26.192648], [-98.427709, 26.193011], [-98.428271, 26.193337], [-98.428756, 26.193638], [-98.429165, 26.193863], [-98.429686, 26.19417], [-98.430275, 26.194502], [-98.430754, 26.19474], [-98.431246, 26.194922], [-98.431795, 26.195098], [-98.432419, 26.195311], [-98.432919, 26.195468], [-98.433425, 26.195649], [-98.434077, 26.195869], [-98.434889, 26.196101], [-98.435506, 26.196289], [-98.436221, 26.19649], [-98.436818, 26.196671], [-98.437463, 26.196866], [-98.437979, 26.197059], [-98.438359, 26.197199], [-98.438969, 26.197419], [-98.439405, 26.197605], [-98.439675, 26.197706], [-98.439994, 26.197775], [-98.440175, 26.197875], [-98.440293, 26.197975], [-98.440452, 26.198069], [-98.440605, 26.198107], [-98.440792, 26.198113], [-98.441028, 26.198157], [-98.441222, 26.198207], [-98.441472, 26.198276], [-98.441694, 26.198389], [-98.441882, 26.198514], [-98.442104, 26.19869], [-98.442367, 26.198896], [-98.442569, 26.199119], [-98.442853, 26.199416], [-98.443102, 26.199735], [-98.443331, 26.200005], [-98.443605, 26.200258], [-98.443817, 26.200412], [-98.444018, 26.2006], [-98.444164, 26.200831], [-98.444302, 26.201044], [-98.444441, 26.201245], [-98.444573, 26.201433], [-98.444663, 26.201595], [-98.444725, 26.201783], [-98.444739, 26.201908], [-98.444746, 26.202078], [-98.444749, 26.202349], [-98.444732, 26.202622], [-98.44469, 26.202904], [-98.444648, 26.203186], [-98.444572, 26.203474], [-98.444495, 26.203793], [-98.444405, 26.204106], [-98.444238, 26.204469], [-98.444071, 26.204863], [-98.443759, 26.205379], [-98.443453, 26.20584], [-98.442995, 26.206365], [-98.442669, 26.206785], [-98.442398, 26.207122], [-98.442099, 26.207404], [-98.441799, 26.207689], [-98.441308, 26.20808], [-98.441023, 26.208286], [-98.440724, 26.208461], [-98.440495, 26.208618], [-98.440245, 26.208781], [-98.440044, 26.208943], [-98.439877, 26.209093], [-98.439704, 26.209275], [-98.439516, 26.209494], [-98.43944, 26.209582], [-98.43935, 26.209688], [-98.439211, 26.209882], [-98.439119, 26.210109], [-98.439032, 26.210344], [-98.438919, 26.210649], [-98.438835, 26.211021], [-98.438752, 26.211322], [-98.438703, 26.211647], [-98.438682, 26.21196], [-98.438689, 26.212198], [-98.438675, 26.212661], [-98.438675, 26.213031], [-98.438709, 26.213394], [-98.438744, 26.213732], [-98.438785, 26.214101], [-98.438882, 26.214696], [-98.438944, 26.215028], [-98.439062, 26.215704], [-98.439152, 26.216167], [-98.439329, 26.216919], [-98.43945, 26.217219], [-98.439541, 26.217597], [-98.439679, 26.218039], [-98.43981, 26.218371], [-98.439969, 26.218709], [-98.440159, 26.219109], [-98.440455, 26.219686], [-98.440899, 26.220509], [-98.441183, 26.221001], [-98.441446, 26.221465], [-98.441705, 26.221931], [-98.441999, 26.222379], [-98.442258, 26.222761], [-98.442431, 26.223055], [-98.442709, 26.223393], [-98.443027, 26.223667], [-98.443333, 26.223863], [-98.443673, 26.224064], [-98.44393, 26.224183], [-98.444138, 26.224258], [-98.444346, 26.224327], [-98.444561, 26.224396], [-98.444867, 26.224452], [-98.445165, 26.224471], [-98.44545, 26.224484], [-98.445735, 26.224471], [-98.44672, 26.224328], [-98.447442, 26.224197], [-98.447989, 26.224049], [-98.448483, 26.223884], [-98.448899, 26.223709], [-98.448974, 26.223667], [-98.449372, 26.223446], [-98.449719, 26.223202], [-98.450004, 26.22301], [-98.450252, 26.222829], [-98.450539, 26.222626], [-98.450823, 26.22242], [-98.45115, 26.222151], [-98.451469, 26.221863], [-98.451754, 26.221563], [-98.451969, 26.221312], [-98.452274, 26.220924], [-98.452518, 26.220624], [-98.452788, 26.220248], [-98.452948, 26.219973], [-98.453099, 26.219659], [-98.453212, 26.219372], [-98.453299, 26.219019], [-98.45332, 26.218727], [-98.453339, 26.218479], [-98.453365, 26.218233], [-98.453386, 26.218013], [-98.453407, 26.217782], [-98.453456, 26.217538], [-98.453546, 26.2173], [-98.453678, 26.217106], [-98.453859, 26.216937], [-98.454053, 26.216818], [-98.454254, 26.216724], [-98.454511, 26.216693], [-98.454789, 26.216712], [-98.455046, 26.216768], [-98.455226, 26.216862], [-98.45542, 26.217044], [-98.455594, 26.217344], [-98.455691, 26.217632], [-98.455753, 26.217927], [-98.455753, 26.21824], [-98.455753, 26.218571], [-98.455767, 26.218859], [-98.455794, 26.219717], [-98.455808, 26.220237], [-98.455925, 26.221007], [-98.456002, 26.221395], [-98.456133, 26.221821], [-98.456258, 26.222253], [-98.456383, 26.222616], [-98.456508, 26.222891], [-98.456737, 26.223342], [-98.45694, 26.223667], [-98.456979, 26.223729], [-98.457063, 26.223962], [-98.457125, 26.224162], [-98.457194, 26.224269], [-98.457368, 26.224363], [-98.457486, 26.224469], [-98.457562, 26.224657], [-98.457611, 26.224851], [-98.457673, 26.225026], [-98.457742, 26.225133], [-98.457826, 26.225239], [-98.457923, 26.225314], [-98.458082, 26.225402], [-98.458274, 26.225523], [-98.458457, 26.225634], [-98.458839, 26.225884], [-98.459151, 26.226041], [-98.459505, 26.226185], [-98.459824, 26.226248], [-98.460248, 26.226304], [-98.460623, 26.226292], [-98.461247, 26.226242], [-98.461844, 26.226111], [-98.462372, 26.225898], [-98.462437, 26.225861], [-98.462872, 26.225623], [-98.463389, 26.225299], [-98.463864, 26.224959], [-98.464359, 26.224539], [-98.464759, 26.224189], [-98.465135, 26.22382], [-98.465746, 26.223326], [-98.466142, 26.223044], [-98.466496, 26.222838], [-98.467086, 26.222462], [-98.467649, 26.222159], [-98.468113, 26.22193], [-98.468703, 26.221661], [-98.469245, 26.221436], [-98.470001, 26.221142], [-98.470654, 26.220898], [-98.471577, 26.220604], [-98.472139, 26.220491], [-98.472584, 26.220404], [-98.473125, 26.220316], [-98.473771, 26.220241], [-98.474381, 26.220185], [-98.474888, 26.220166], [-98.475436, 26.220185], [-98.476137, 26.220273], [-98.476658, 26.220323], [-98.477505, 26.220348], [-98.478115, 26.220348], [-98.478712, 26.220342], [-98.479439, 26.220299], [-98.479962, 26.220225], [-98.480429, 26.220159], [-98.480906, 26.220029], [-98.481269, 26.219879], [-98.481581, 26.21965], [-98.481898, 26.219391], [-98.482127, 26.219153], [-98.482309, 26.218949], [-98.482819, 26.218309], [-98.48294, 26.218076], [-98.483029, 26.217799], [-98.48312, 26.217526], [-98.483189, 26.217199], [-98.483231, 26.216855], [-98.483269, 26.216549], [-98.483273, 26.216148], [-98.483266, 26.215885], [-98.483259, 26.215616], [-98.483204, 26.215266], [-98.483135, 26.214946], [-98.482982, 26.214602], [-98.482829, 26.214333], [-98.482593, 26.213982], [-98.482169, 26.213569], [-98.481739, 26.213179], [-98.481441, 26.212893], [-98.481139, 26.212529], [-98.480824, 26.212179], [-98.480349, 26.211669], [-98.480069, 26.211308], [-98.479759, 26.210909], [-98.479589, 26.210639], [-98.479429, 26.210369], [-98.479089, 26.209812], [-98.47895, 26.209562], [-98.478756, 26.209136], [-98.478539, 26.208609], [-98.478437, 26.208322], [-98.478339, 26.207969], [-98.478194, 26.207327], [-98.478118, 26.206788], [-98.478035, 26.2063], [-98.47791, 26.205824], [-98.477785, 26.205323], [-98.477737, 26.204998], [-98.477681, 26.204635], [-98.477654, 26.204409], [-98.477626, 26.204211], [-98.477584, 26.204027], [-98.477515, 26.203808], [-98.477515, 26.203495], [-98.477577, 26.203176], [-98.477682, 26.202832], [-98.477929, 26.202479], [-98.478202, 26.202162], [-98.478449, 26.201879], [-98.478929, 26.201479], [-98.47923, 26.201267], [-98.479599, 26.201089], [-98.480125, 26.200873], [-98.480513, 26.200785], [-98.480881, 26.200735], [-98.481339, 26.200779], [-98.481804, 26.200848], [-98.482345, 26.200985], [-98.482866, 26.201092], [-98.483227, 26.201224], [-98.483484, 26.20143], [-98.483608, 26.201693], [-98.483649, 26.201899], [-98.483657, 26.202156], [-98.483567, 26.202457], [-98.483469, 26.202714], [-98.483344, 26.202926], [-98.483164, 26.203145], [-98.482949, 26.203314], [-98.482657, 26.203521], [-98.482401, 26.20379], [-98.482171, 26.204097], [-98.482049, 26.204289], [-98.481755, 26.204779], [-98.481616, 26.205155], [-98.481526, 26.205555], [-98.48147, 26.206094], [-98.481442, 26.206413], [-98.481458, 26.206651], [-98.48147, 26.20702], [-98.481512, 26.207452], [-98.481574, 26.207891], [-98.481657, 26.208222], [-98.481789, 26.208692], [-98.4819, 26.208992], [-98.482149, 26.209589], [-98.482455, 26.210069], [-98.482975, 26.21094], [-98.483309, 26.211434], [-98.483517, 26.211699], [-98.48378, 26.211954], [-98.484134, 26.212173], [-98.484399, 26.212329], [-98.48471, 26.212479], [-98.485037, 26.212593], [-98.485377, 26.212712], [-98.485737, 26.212806], [-98.48614, 26.212912], [-98.486619, 26.213012], [-98.487382, 26.213144], [-98.488007, 26.213213], [-98.488416, 26.213244], [-98.488986, 26.21325], [-98.489645, 26.21325], [-98.49029, 26.213213], [-98.490964, 26.213113], [-98.491616, 26.212988], [-98.493101, 26.212562], [-98.494226, 26.212149], [-98.495253, 26.211742], [-98.496287, 26.211304], [-98.497085, 26.210934], [-98.497654, 26.210684], [-98.498369, 26.210377], [-98.499119, 26.210077], [-98.499924, 26.209782], [-98.500652, 26.209501], [-98.501291, 26.209238], [-98.501804, 26.20905], [-98.502151, 26.208931], [-98.502554, 26.208843], [-98.503081, 26.208766], [-98.503449, 26.208689], [-98.503817, 26.208624], [-98.504206, 26.208549], [-98.504476, 26.208505], [-98.504837, 26.208512], [-98.50515, 26.208549], [-98.505441, 26.208593], [-98.505712, 26.208674], [-98.505941, 26.208737], [-98.506239, 26.208749], [-98.506454, 26.208793], [-98.506607, 26.208875], [-98.506836, 26.209037], [-98.507016, 26.209225], [-98.507176, 26.209425], [-98.507322, 26.209657], [-98.507419, 26.209945], [-98.507468, 26.210221], [-98.507476, 26.210427], [-98.507468, 26.210765], [-98.507405, 26.211279], [-98.507269, 26.211789], [-98.50701, 26.21243], [-98.506699, 26.213089], [-98.506496, 26.213463], [-98.506239, 26.213914], [-98.505962, 26.214334], [-98.505733, 26.214678], [-98.505505, 26.214986], [-98.505082, 26.215646], [-98.504706, 26.216256], [-98.504463, 26.216719], [-98.504255, 26.217113], [-98.503963, 26.217639], [-98.503741, 26.218034], [-98.503581, 26.218272], [-98.503352, 26.218616], [-98.503102, 26.21891], [-98.502769, 26.219305], [-98.502519, 26.219599], [-98.502277, 26.219855], [-98.50202, 26.22015], [-98.501749, 26.220388], [-98.501242, 26.220876], [-98.500986, 26.221133], [-98.500791, 26.221345], [-98.500659, 26.221527], [-98.500618, 26.221784], [-98.500632, 26.221997], [-98.500673, 26.222203], [-98.500826, 26.22241], [-98.501034, 26.22256], [-98.501284, 26.222641], [-98.501548, 26.222704], [-98.501853, 26.222742], [-98.502242, 26.222798], [-98.502624, 26.222835], [-98.502957, 26.222885], [-98.503332, 26.222929], [-98.50388, 26.222979], [-98.504539, 26.223092], [-98.505206, 26.223286], [-98.505733, 26.223511], [-98.506599, 26.223979], [-98.507233, 26.224425], [-98.507587, 26.224707], [-98.508107, 26.225083], [-98.508336, 26.225258], [-98.50851, 26.225389], [-98.508671, 26.225528], [-98.508815, 26.225671], [-98.50901, 26.225896], [-98.509176, 26.226034], [-98.50936, 26.226187], [-98.509633, 26.226352], [-98.509863, 26.226491], [-98.510169, 26.226647], [-98.510453, 26.226792], [-98.510912, 26.226948], [-98.511321, 26.227042], [-98.511696, 26.227105], [-98.512029, 26.22713], [-98.512425, 26.227167], [-98.512834, 26.227242], [-98.513216, 26.227255], [-98.513368, 26.227249], [-98.513702, 26.227236], [-98.514285, 26.227106], [-98.514722, 26.226999], [-98.515429, 26.226798], [-98.516001, 26.226554], [-98.516596, 26.226225], [-98.517287, 26.225752], [-98.518139, 26.225239], [-98.518669, 26.224989], [-98.519189, 26.224589], [-98.51967, 26.224154], [-98.520223, 26.22365], [-98.520518, 26.223265], [-98.520715, 26.222781], [-98.520821, 26.222296], [-98.520901, 26.221904], [-98.521028, 26.221489], [-98.521163, 26.22108], [-98.521433, 26.220629], [-98.521568, 26.220507], [-98.52175, 26.220407], [-98.522005, 26.220364], [-98.522251, 26.220349], [-98.522537, 26.220349], [-98.522815, 26.220392], [-98.523156, 26.220471], [-98.523482, 26.220585], [-98.523816, 26.220714], [-98.524086, 26.220893], [-98.524594, 26.221352], [-98.525166, 26.221982], [-98.525691, 26.222627], [-98.526088, 26.223157], [-98.526406, 26.223644], [-98.526771, 26.224296], [-98.52701, 26.224833], [-98.527121, 26.225278], [-98.527169, 26.225699], [-98.527137, 26.226288], [-98.527082, 26.226746], [-98.526979, 26.227104], [-98.526852, 26.227448], [-98.52655, 26.228043], [-98.526177, 26.228538], [-98.525883, 26.228903], [-98.525597, 26.229161], [-98.525319, 26.229362], [-98.524962, 26.229519], [-98.524731, 26.229641], [-98.524445, 26.229799], [-98.524032, 26.230014], [-98.523317, 26.230415], [-98.52269, 26.23091], [-98.522531, 26.231146], [-98.52242, 26.231311], [-98.522269, 26.231461], [-98.52207, 26.231612], [-98.521816, 26.231913], [-98.521697, 26.232156], [-98.521619, 26.232379], [-98.52153, 26.232672], [-98.521459, 26.232952], [-98.521411, 26.233317], [-98.521372, 26.233668], [-98.521396, 26.234076], [-98.521427, 26.234399], [-98.521486, 26.234727], [-98.521579, 26.235094], [-98.521714, 26.235302], [-98.52192, 26.235481], [-98.522159, 26.235624], [-98.522373, 26.235703], [-98.522707, 26.235781], [-98.52312, 26.235796], [-98.523438, 26.235702], [-98.523763, 26.235595], [-98.524033, 26.235444], [-98.524359, 26.235265], [-98.52474, 26.234986], [-98.525288, 26.234484], [-98.525693, 26.234047], [-98.526027, 26.233624], [-98.526257, 26.233302], [-98.526472, 26.232944], [-98.526646, 26.232578], [-98.526748, 26.232252], [-98.526829, 26.232012], [-98.526932, 26.231718], [-98.527004, 26.231446], [-98.527139, 26.231131], [-98.527281, 26.230833], [-98.527508, 26.230358], [-98.527679, 26.229999], [-98.527821, 26.229719], [-98.527964, 26.229454], [-98.528099, 26.229225], [-98.528258, 26.228931], [-98.528417, 26.228695], [-98.528592, 26.228437], [-98.528829, 26.228169], [-98.529065, 26.227947], [-98.529299, 26.227729], [-98.529688, 26.227433], [-98.529942, 26.22724], [-98.53022, 26.227054], [-98.530664, 26.226817], [-98.531197, 26.226566], [-98.531626, 26.226344], [-98.532046, 26.226151], [-98.532293, 26.226036], [-98.532593, 26.225925], [-98.532886, 26.225802], [-98.533161, 26.225654], [-98.533455, 26.225498], [-98.533757, 26.225383], [-98.534033, 26.22531], [-98.534362, 26.225286], [-98.534646, 26.225328], [-98.534875, 26.225395], [-98.535128, 26.225491], [-98.535414, 26.225655], [-98.535692, 26.225899], [-98.535947, 26.226135], [-98.536177, 26.2264], [-98.536344, 26.226637], [-98.536567, 26.226923], [-98.536797, 26.227324], [-98.536956, 26.227675], [-98.537163, 26.228141], [-98.537415, 26.228801], [-98.537489, 26.229101], [-98.537622, 26.229531], [-98.537703, 26.229817], [-98.537831, 26.230226], [-98.537934, 26.230562], [-98.538037, 26.230885], [-98.538173, 26.231207], [-98.538379, 26.231723], [-98.53857, 26.232246], [-98.538729, 26.232669], [-98.538912, 26.23322], [-98.539087, 26.233736], [-98.539318, 26.234273], [-98.539493, 26.234703], [-98.539699, 26.235133], [-98.539882, 26.235477], [-98.540033, 26.235813], [-98.540256, 26.236272], [-98.540447, 26.236659], [-98.54063, 26.237059], [-98.540829, 26.237459], [-98.54105, 26.237924], [-98.541246, 26.238334], [-98.541512, 26.238801], [-98.541822, 26.239266], [-98.54206, 26.23961], [-98.54241, 26.24014], [-98.542696, 26.240534], [-98.542792, 26.240706], [-98.542831, 26.24082], [-98.542879, 26.241136], [-98.542935, 26.241422], [-98.542979, 26.241749], [-98.542991, 26.24201], [-98.543049, 26.242219], [-98.543102, 26.24259], [-98.543158, 26.242776], [-98.543261, 26.242955], [-98.543365, 26.243177], [-98.543468, 26.243414], [-98.543643, 26.24365], [-98.543802, 26.243822], [-98.543969, 26.243994], [-98.544231, 26.244187], [-98.54474, 26.244459], [-98.545328, 26.244767], [-98.545757, 26.244989], [-98.54617, 26.245118], [-98.546702, 26.24524], [-98.547171, 26.24529], [-98.547735, 26.245368], [-98.548323, 26.245461], [-98.548832, 26.245576], [-98.54934, 26.245705], [-98.549857, 26.245819], [-98.550373, 26.245969], [-98.550913, 26.246127], [-98.551541, 26.246377], [-98.552161, 26.246628], [-98.552662, 26.246857], [-98.553075, 26.247129], [-98.553433, 26.247337], [-98.553783, 26.247558], [-98.554164, 26.247737], [-98.554489, 26.247873], [-98.554831, 26.247966], [-98.555165, 26.248052], [-98.555499, 26.248109], [-98.555856, 26.248131], [-98.556209, 26.248109], [-98.556595, 26.248002], [-98.556889, 26.247869], [-98.557215, 26.247729], [-98.557529, 26.247549], [-98.557771, 26.247378], [-98.557945, 26.247227], [-98.55812, 26.24707], [-98.558279, 26.246899], [-98.558469, 26.246654], [-98.558636, 26.246403], [-98.558755, 26.246116], [-98.558819, 26.245901], [-98.558834, 26.245622], [-98.558786, 26.245285], [-98.558731, 26.245078], [-98.558609, 26.244829], [-98.558429, 26.244583], [-98.558206, 26.244354], [-98.557952, 26.244104], [-98.557594, 26.243803], [-98.557197, 26.243567], [-98.55672, 26.243309], [-98.5561, 26.243015], [-98.555456, 26.242793], [-98.55513, 26.242614], [-98.554844, 26.242457], [-98.554256, 26.242099], [-98.553787, 26.24187], [-98.553319, 26.241698], [-98.552874, 26.241612], [-98.552453, 26.241562], [-98.552047, 26.241584], [-98.551658, 26.24167], [-98.551007, 26.241814], [-98.549982, 26.242], [-98.549402, 26.242122], [-98.548767, 26.242201], [-98.548274, 26.242216], [-98.547813, 26.242116], [-98.547432, 26.241965], [-98.54709, 26.241801], [-98.546804, 26.241586], [-98.546558, 26.241392], [-98.546303, 26.241063], [-98.546049, 26.240712], [-98.545882, 26.240368], [-98.545723, 26.23991], [-98.545627, 26.239437], [-98.545564, 26.239014], [-98.545548, 26.238613], [-98.545555, 26.238255], [-98.545611, 26.237768], [-98.545698, 26.237202], [-98.545801, 26.236815], [-98.545952, 26.236478], [-98.546134, 26.236206], [-98.546277, 26.236041], [-98.546381, 26.235776], [-98.546373, 26.235604], [-98.546444, 26.235424], [-98.546571, 26.235238], [-98.54673, 26.235052], [-98.546912, 26.23488], [-98.547214, 26.234665], [-98.547492, 26.234471], [-98.547746, 26.234335], [-98.54804, 26.234177], [-98.54831, 26.234048], [-98.54866, 26.233883], [-98.549017, 26.233747], [-98.54951, 26.233604], [-98.550105, 26.233474], [-98.550518, 26.23346], [-98.55116, 26.233352], [-98.551289, 26.233352], [-98.552123, 26.23323], [-98.553021, 26.233036], [-98.553696, 26.232886], [-98.554339, 26.23267], [-98.554879, 26.232489], [-98.55538, 26.232219], [-98.55584, 26.23191], [-98.556372, 26.23148], [-98.556738, 26.231143], [-98.55696, 26.230893], [-98.557179, 26.230599], [-98.557332, 26.230395], [-98.557509, 26.230159], [-98.557749, 26.229659], [-98.557936, 26.229194], [-98.558079, 26.228671], [-98.558126, 26.228356], [-98.558214, 26.228048], [-98.558301, 26.227761], [-98.558364, 26.227518], [-98.558483, 26.227195], [-98.558529, 26.226929], [-98.558681, 26.226436], [-98.558816, 26.226013], [-98.559079, 26.225579], [-98.559389, 26.225139], [-98.559729, 26.224716], [-98.559967, 26.224544], [-98.560174, 26.2244], [-98.560444, 26.224243], [-98.560745, 26.224142], [-98.561079, 26.224106], [-98.561429, 26.224129], [-98.561778, 26.22412], [-98.562056, 26.224177], [-98.562326, 26.224249], [-98.562549, 26.224335], [-98.562771, 26.224449], [-98.562954, 26.224593], [-98.563203, 26.224826], [-98.563409, 26.225019], [-98.563849, 26.225489], [-98.564194, 26.225989], [-98.56448, 26.226526], [-98.564631, 26.227078], [-98.564727, 26.227615], [-98.564767, 26.228324], [-98.564766, 26.228805], [-98.564728, 26.229177], [-98.564671, 26.229765], [-98.564625, 26.230245], [-98.564578, 26.230704], [-98.56457, 26.231004], [-98.564507, 26.231541], [-98.564388, 26.232107], [-98.564349, 26.232509], [-98.564179, 26.233449], [-98.564048, 26.234457], [-98.563993, 26.235081], [-98.563977, 26.235496], [-98.564049, 26.236099], [-98.564152, 26.236528], [-98.564279, 26.236919], [-98.564527, 26.237571], [-98.56482, 26.238082], [-98.564964, 26.238405], [-98.565011, 26.238677], [-98.565035, 26.238985], [-98.565087, 26.239455], [-98.56509, 26.239615], [-98.565109, 26.239879], [-98.565142, 26.240095], [-98.565176, 26.240318], [-98.565259, 26.240597], [-98.565362, 26.240862], [-98.565513, 26.241091], [-98.565688, 26.241292], [-98.565927, 26.241471], [-98.566189, 26.241628], [-98.566467, 26.241764], [-98.566801, 26.241857], [-98.567055, 26.241914], [-98.567333, 26.241957], [-98.567643, 26.241979], [-98.567993, 26.241957], [-98.56835, 26.241914], [-98.568787, 26.24182], [-98.569264, 26.24167], [-98.570264, 26.241225], [-98.571448, 26.240572], [-98.572099, 26.240185], [-98.572877, 26.239719], [-98.573234, 26.239482], [-98.573528, 26.239203], [-98.573862, 26.238844], [-98.574163, 26.238486], [-98.574428, 26.238064], [-98.574624, 26.237648], [-98.574755, 26.23724], [-98.574838, 26.23691], [-98.574941, 26.236573], [-98.575075, 26.236279], [-98.575202, 26.235978], [-98.575369, 26.235579], [-98.575539, 26.235318], [-98.575686, 26.235089], [-98.575909, 26.234745], [-98.576084, 26.234527], [-98.576258, 26.234358], [-98.576369, 26.234165], [-98.576499, 26.233939], [-98.576749, 26.233759], [-98.577171, 26.233663], [-98.577465, 26.233641], [-98.577727, 26.233641], [-98.578005, 26.233662], [-98.578283, 26.233741], [-98.578593, 26.233898], [-98.578871, 26.234049], [-98.579157, 26.234271], [-98.579452, 26.234536], [-98.579762, 26.234901], [-98.58, 26.23523], [-98.580207, 26.235624], [-98.580339, 26.235939], [-98.5807, 26.236648], [-98.580844, 26.237071], [-98.580931, 26.237365], [-98.580987, 26.237694], [-98.581069, 26.237939], [-98.581234, 26.238375], [-98.581393, 26.238733], [-98.58148, 26.238948], [-98.581584, 26.239227], [-98.581719, 26.239549], [-98.581894, 26.239922], [-98.582134, 26.240308], [-98.582349, 26.240709], [-98.582777, 26.241261], [-98.583055, 26.241641], [-98.583755, 26.242378], [-98.584312, 26.242922], [-98.58459, 26.243259], [-98.584781, 26.243524], [-98.584857, 26.243719], [-98.585012, 26.244018], [-98.585075, 26.244283], [-98.585123, 26.244606], [-98.585108, 26.244914], [-98.585052, 26.245207], [-98.584879, 26.245659], [-98.584552, 26.246168], [-98.584251, 26.246483], [-98.583909, 26.246734], [-98.58358, 26.246929], [-98.583155, 26.247136], [-98.582782, 26.247322], [-98.582349, 26.247579], [-98.581938, 26.247832], [-98.581459, 26.248129], [-98.581233, 26.248298], [-98.581076, 26.248464], [-98.580739, 26.248759], [-98.580465, 26.249037], [-98.580177, 26.249308], [-98.579925, 26.249669], [-98.579788, 26.249867], [-98.579629, 26.250197], [-98.579495, 26.250505], [-98.579447, 26.250706], [-98.579328, 26.250899], [-98.579219, 26.251109], [-98.579197, 26.25148], [-98.579201, 26.251809], [-98.579321, 26.252318], [-98.579395, 26.252566], [-98.57948, 26.252855], [-98.579544, 26.253213], [-98.579679, 26.253536], [-98.579831, 26.253801], [-98.580021, 26.254044], [-98.580276, 26.254352], [-98.580522, 26.25461], [-98.580848, 26.254896], [-98.581127, 26.25519], [-98.581572, 26.255555], [-98.581993, 26.255899], [-98.582407, 26.256264], [-98.582756, 26.2565], [-98.58309, 26.2567], [-98.583599, 26.256958], [-98.584028, 26.257158], [-98.584457, 26.257316], [-98.585022, 26.257523], [-98.585665, 26.257688], [-98.586444, 26.25778], [-98.586339, 26.258239], [-98.586121, 26.25864], [-98.58604, 26.258792], [-98.5855, 26.259861], [-98.585295, 26.26027], [-98.584877, 26.261098], [-98.584334, 26.262176], [-98.583619, 26.263582], [-98.583199, 26.26441], [-98.583099, 26.264604], [-98.5828, 26.265188], [-98.582701, 26.265383], [-98.582461, 26.265856], [-98.581743, 26.267278], [-98.581504, 26.267752], [-98.581389, 26.267975], [-98.581045, 26.268644], [-98.580931, 26.268868], [-98.580426, 26.269861], [-98.579454, 26.271774], [-98.579286, 26.272107], [-98.579155, 26.272358], [-98.578907, 26.272839], [-98.578547, 26.273537], [-98.578397, 26.27383], [-98.578382, 26.273857], [-98.57834, 26.273938], [-98.578327, 26.273966], [-98.577968, 26.274661], [-98.576893, 26.276748], [-98.576535, 26.277444], [-98.576433, 26.277642], [-98.576126, 26.278236], [-98.576025, 26.278435], [-98.575878, 26.278717], [-98.57544, 26.279564], [-98.575296, 26.279848], [-98.575127, 26.280174], [-98.574621, 26.281154], [-98.574454, 26.281482], [-98.574288, 26.281802], [-98.573708, 26.282932], [-98.57324, 26.283847], [-98.571478, 26.287283], [-98.570735, 26.288734], [-98.570618, 26.288962], [-98.570267, 26.289647], [-98.570151, 26.289876], [-98.570128, 26.289919], [-98.569971, 26.290225], [-98.569433, 26.291274], [-98.569254, 26.291624], [-98.569054, 26.292013], [-98.568849, 26.292412], [-98.568455, 26.293182], [-98.568256, 26.293572], [-98.568231, 26.293617], [-98.568156, 26.293753], [-98.568132, 26.293799], [-98.567948, 26.294136], [-98.567582, 26.294811], [-98.56741, 26.295156], [-98.567239, 26.295501], [-98.566451, 26.297086], [-98.566303, 26.297385], [-98.564063, 26.30183], [-98.563267, 26.303411], [-98.561508, 26.306905], [-98.561001, 26.307913], [-98.556141, 26.317341], [-98.55435, 26.320819], [-98.553926, 26.321659], [-98.553275, 26.32295], [-98.552654, 26.32418], [-98.552231, 26.325021], [-98.55211, 26.325245], [-98.551833, 26.325771], [-98.55065, 26.328026], [-98.550538, 26.328241], [-98.550264, 26.328783], [-98.549348, 26.330596], [-98.5466, 26.336038], [-98.545685, 26.337852], [-98.545459, 26.338298], [-98.545059, 26.339089], [-98.543506, 26.342167], [-98.543184, 26.342803], [-98.542558, 26.344041], [-98.541776, 26.345587], [-98.539433, 26.350224], [-98.538652, 26.351771], [-98.538, 26.35306], [-98.537551, 26.353952], [-98.536063, 26.356937], [-98.535419, 26.358231], [-98.53459, 26.359932], [-98.532104, 26.365036], [-98.531912, 26.365389], [-98.5312, 26.366698], [-98.5307, 26.3677], [-98.529203, 26.370706], [-98.528704, 26.371709], [-98.528281, 26.372558], [-98.527662, 26.373803], [-98.527172, 26.375172], [-98.527111, 26.375345], [-98.526767, 26.376029], [-98.526133, 26.37729], [-98.524232, 26.381076], [-98.523599, 26.382338], [-98.522338, 26.384853], [-98.518555, 26.392398], [-98.517294, 26.394913], [-98.51708, 26.395338], [-98.51644, 26.396616], [-98.516227, 26.397042], [-98.516111, 26.397272], [-98.515765, 26.397962], [-98.51565, 26.398193], [-98.514828, 26.399831], [-98.512362, 26.404748], [-98.511541, 26.406387], [-98.511045, 26.407374], [-98.509559, 26.410338], [-98.509064, 26.411326], [-98.508667, 26.412115], [-98.50748, 26.414485], [-98.507084, 26.415276], [-98.50676, 26.41592], [-98.50579, 26.417855], [-98.505467, 26.418501], [-98.505198, 26.419035], [-98.504395, 26.420637], [-98.504128, 26.421172], [-98.50337, 26.422683], [-98.503081, 26.42326], [-98.502815, 26.423789], [-98.500298, 26.428811], [-98.499918, 26.429513], [-98.498854, 26.431483], [-98.498815, 26.431572], [-98.498808, 26.431588], [-98.498624, 26.431963], [-98.498051, 26.433138], [-98.497862, 26.43353], [-98.49776, 26.433746], [-98.497456, 26.434399], [-98.497356, 26.434618], [-98.497309, 26.434708], [-98.496834, 26.43562], [-98.496667, 26.435942], [-98.495559, 26.438078], [-98.494864, 26.439303], [-98.494536, 26.439884], [-98.493817, 26.441167], [-98.493804, 26.441187], [-98.493429, 26.442023], [-98.492307, 26.444536], [-98.491954, 26.445329], [-98.491943, 26.445362], [-98.491936, 26.445376], [-98.491776, 26.445747], [-98.491297, 26.446862], [-98.491138, 26.447234], [-98.490092, 26.449326], [-98.488786, 26.45194], [-98.487534, 26.454489], [-98.486963, 26.455606], [-98.4859, 26.45769], [-98.485824, 26.457839], [-98.484403, 26.46009], [-98.479873, 26.467268], [-98.478364, 26.469661], [-98.478268, 26.469813], [-98.477736, 26.470904], [-98.475906, 26.474663], [-98.475297, 26.475917], [-98.475084, 26.476352], [-98.474449, 26.477659], [-98.474237, 26.478095], [-98.473869, 26.478849], [-98.472768, 26.481112], [-98.472401, 26.481867], [-98.471174, 26.484384], [-98.467496, 26.491939], [-98.46627, 26.494457], [-98.46328, 26.500341], [-98.462543, 26.501733], [-98.45363, 26.518598], [-98.451076, 26.523413], [-98.447247, 26.530636], [-98.444463, 26.535887], [-98.440813, 26.542773], [-98.4361, 26.551636], [-98.43331, 26.556885], [-98.432421, 26.558555], [-98.429756, 26.563568], [-98.428868, 26.565239], [-98.427108, 26.568547], [-98.422257, 26.577672], [-98.42183, 26.578475], [-98.420073, 26.581785], [-98.418036, 26.585621], [-98.411926, 26.597131], [-98.40989, 26.600968], [-98.408501, 26.603587], [-98.406066, 26.608098], [-98.404915, 26.610231], [-98.403702, 26.612478], [-98.399833, 26.619656], [-98.399464, 26.620336], [-98.396759, 26.625337], [-98.394729, 26.629555], [-98.394303, 26.630443], [-98.393949, 26.631179], [-98.393585, 26.631928], [-98.391224, 26.636847], [-98.391104, 26.637094], [-98.390787, 26.637751], [-98.390746, 26.637835], [-98.390628, 26.638083], [-98.388984, 26.641501], [-98.384053, 26.651755], [-98.38244, 26.655111], [-98.38241, 26.655173], [-98.382135, 26.655744], [-98.38131, 26.657459], [-98.381045, 26.658011], [-98.381035, 26.658031], [-98.37938, 26.661471], [-98.375291, 26.669978], [-98.374361, 26.671766], [-98.3726, 26.675154], [-98.372471, 26.675409], [-98.372219, 26.675955], [-98.371105, 26.678374], [-98.370735, 26.679181], [-98.370128, 26.680499], [-98.36831, 26.684452], [-98.367704, 26.685771], [-98.367118, 26.686985], [-98.365362, 26.69063], [-98.364779, 26.691845], [-98.364514, 26.692389], [-98.363723, 26.694026], [-98.36346, 26.694573], [-98.36171, 26.698206], [-98.356459, 26.709105], [-98.35471, 26.712738], [-98.353848, 26.714521], [-98.351263, 26.719871], [-98.350462, 26.72153], [-98.350402, 26.721655], [-98.349916, 26.72267], [-98.348457, 26.725716], [-98.347972, 26.726732], [-98.347836, 26.727016], [-98.343588, 26.735724], [-98.338202, 26.746767], [-98.336464, 26.750332], [-98.330488, 26.762724], [-98.326144, 26.771735], [-98.325048, 26.774003], [-98.321764, 26.78081], [-98.32067, 26.783081], [-98.317214, 26.783061], [-98.306847, 26.783002], [-98.303392, 26.782983], [-98.300625, 26.782967], [-98.292327, 26.782921], [-98.289561, 26.782906], [-98.276224, 26.782831], [-98.271437, 26.782807], [-98.265701, 26.782773], [-98.263845, 26.782748], [-98.253867, 26.782719], [-98.250576, 26.782718], [-98.245266, 26.782706], [-98.224091, 26.782594], [-98.193184, 26.782415], [-98.18926, 26.782394], [-98.177489, 26.782331], [-98.173566, 26.78231], [-98.172766, 26.782302], [-98.170369, 26.782279], [-98.16957, 26.782272], [-98.168636, 26.782263], [-98.165837, 26.782237], [-98.165045, 26.78223], [-98.164904, 26.782232], [-98.164761, 26.782234], [-98.164332, 26.78224], [-98.164189, 26.782242], [-98.164049, 26.782244], [-98.163874, 26.782242], [-98.162929, 26.782236], [-98.162614, 26.782235], [-98.159502, 26.7822], [-98.150166, 26.782098], [-98.147294, 26.782067], [-98.147054, 26.782065], [-98.144808, 26.782054], [-98.138072, 26.782022], [-98.135827, 26.782012], [-98.129466, 26.781983], [-98.125282, 26.781964], [-98.110384, 26.781942], [-98.104024, 26.781934], [-98.103933, 26.781938], [-98.103363, 26.781966], [-98.103165, 26.781975], [-98.103124, 26.781931], [-98.100294, 26.781954], [-98.094099, 26.781911], [-98.089388, 26.781879], [-98.089335, 26.781879], [-98.087024, 26.781862], [-98.080091, 26.781814], [-98.077781, 26.781798], [-98.077753, 26.781798], [-98.077673, 26.781789], [-98.077352, 26.781756], [-98.077276, 26.781749], [-98.077245, 26.781749], [-98.069297, 26.781679], [-98.045453, 26.781472], [-98.037506, 26.781403], [-98.02034, 26.781254], [-98.014612, 26.781205], [-98.000569, 26.781083], [-97.985494, 26.780917], [-97.985498, 26.777586], [-97.985502, 26.774937], [-97.985528, 26.757], [-97.985537, 26.751021], [-97.985537, 26.750944], [-97.985537, 26.750713], [-97.985538, 26.750637], [-97.985538, 26.750616], [-97.985538, 26.750336], [-97.985489, 26.749987], [-97.985478, 26.749355], [-97.985412, 26.7455], [-97.985391, 26.744216], [-97.985389, 26.744138], [-97.985389, 26.742621], [-97.985392, 26.737836], [-97.985392, 26.736259], [-97.985393, 26.736242], [-97.985393, 26.735878], [-97.985393, 26.734786], [-97.985393, 26.734423], [-97.985393, 26.734253], [-97.985393, 26.733746], [-97.985394, 26.733623], [-97.985394, 26.733577], [-97.985394, 26.73352], [-97.985394, 26.733351], [-97.985395, 26.733295], [-97.985392, 26.731727], [-97.985386, 26.727024], [-97.985385, 26.725602], [-97.985385, 26.725457], [-97.985385, 26.723737], [-97.985386, 26.718577], [-97.985388, 26.716888], [-97.985387, 26.716857], [-97.985387, 26.714765], [-97.985388, 26.708493], [-97.985389, 26.706403], [-97.985387, 26.70629], [-97.985387, 26.705956], [-97.98539, 26.705846], [-97.985389, 26.705597], [-97.98539, 26.70485], [-97.985391, 26.704609], [-97.985391, 26.702946], [-97.985392, 26.700825], [-97.985392, 26.700614], [-97.985392, 26.700404], [-97.985392, 26.697977], [-97.985393, 26.696321], [-97.985393, 26.692893], [-97.985394, 26.68261], [-97.985395, 26.679191], [-97.985395, 26.672293], [-97.9854, 26.651622], [-97.985401, 26.647671], [-97.9854, 26.647561], [-97.985399, 26.647453], [-97.985401, 26.644759], [-97.985402, 26.644734], [-97.985403, 26.643344], [-97.985408, 26.639175], [-97.985409, 26.638906], [-97.985393, 26.637987], [-97.985393, 26.637786], [-97.985397, 26.636378], [-97.985411, 26.632913], [-97.985407, 26.632155], [-97.985403, 26.630749], [-97.985401, 26.629679], [-97.985401, 26.626475], [-97.985403, 26.625408], [-97.9854, 26.62534], [-97.9854, 26.625269], [-97.985379, 26.623249], [-97.985312, 26.616772], [-97.985303, 26.615809], [-97.98412, 26.615638], [-97.984048, 26.615627], [-97.982667, 26.615428], [-97.979232, 26.614932], [-97.979157, 26.614921], [-97.97831, 26.614798], [-97.976858, 26.614588], [-97.976847, 26.614587], [-97.975003, 26.61432], [-97.96944, 26.613517], [-97.967593, 26.613252], [-97.966738, 26.613127], [-97.9642, 26.612761], [-97.96336, 26.612641], [-97.962824, 26.612561], [-97.961241, 26.612324], [-97.960705, 26.612245], [-97.960673, 26.612239], [-97.960663, 26.612238], [-97.960011, 26.612144], [-97.958056, 26.611862], [-97.957405, 26.611769], [-97.957421, 26.611668], [-97.957471, 26.611368], [-97.957489, 26.611268], [-97.95813, 26.607422], [-97.958788, 26.603489], [-97.959357, 26.600118], [-97.96004, 26.596042], [-97.960541, 26.593051], [-97.960622, 26.592562], [-97.960867, 26.591096], [-97.960949, 26.590608], [-97.96255, 26.581066], [-97.963418, 26.574517], [-97.964423, 26.568751], [-97.968087, 26.568919], [-97.968657, 26.5622], [-97.968244, 26.560175], [-97.96876, 26.55398], [-97.970067, 26.552253], [-97.969575, 26.551846], [-97.96884, 26.551355], [-97.965145, 26.537988], [-97.963943, 26.53364], [-97.963912, 26.5335], [-97.964578, 26.533598], [-97.980479, 26.53599], [-97.982718, 26.536329], [-97.983018, 26.536375], [-97.983921, 26.536515], [-97.984222, 26.536562], [-97.984367, 26.536578], [-97.984792, 26.534184], [-97.986144, 26.526573], [-97.986595, 26.524036], [-97.986737, 26.523225], [-97.987165, 26.520792], [-97.987308, 26.519982], [-97.987459, 26.519125], [-97.987914, 26.516555], [-97.988067, 26.515699], [-97.99079, 26.500343], [-97.991869, 26.494106], [-97.991877, 26.494062], [-97.991867, 26.493768], [-97.991922, 26.49349], [-97.992285, 26.491308], [-97.995287, 26.491742], [-97.996514, 26.49191]]]}}]}