{"type": "FeatureCollection", "features": [{"type": "Feature", "id": 3151, "properties": {"STATEFP": "48", "COUNTYFP": "061", "COUNTYNS": "01383816", "GEOID": "48061", "GEOIDFQ": "0500000US48061", "NAME": "Cameron", "NAMELSAD": "Cameron County", "LSAD": "06", "CLASSFP": "H1", "MTFCC": "G4020", "CSAFP": "154", "CBSAFP": "15180", "METDIVFP": null, "FUNCSTAT": "A", "ALAND": 2309542672, "AWATER": 1004829810, "INTPTLAT": "+26.1029227", "INTPTLON": "-097.4789584"}, "geometry": {"type": "Polygon", "coordinates": [[[-97.34064, 25.928856], [-97.340809, 25.928822], [-97.341443, 25.928738], [-97.341892, 25.928709], [-97.342273, 25.928748], [-97.342618, 25.928776], [-97.342973, 25.928855], [-97.34358, 25.928998], [-97.344102, 25.929201], [-97.34464, 25.929435], [-97.345245, 25.929791], [-97.345703, 25.930078], [-97.346173, 25.930368], [-97.346572, 25.930643], [-97.346953, 25.930958], [-97.347393, 25.931218], [-97.347903, 25.931328], [-97.348307, 25.931177], [-97.34858, 25.93095], [-97.348854, 25.930646], [-97.348975, 25.930311], [-97.349097, 25.929976], [-97.349181, 25.929591], [-97.349253, 25.929258], [-97.349312, 25.928785], [-97.349333, 25.928288], [-97.349403, 25.927728], [-97.349503, 25.927178], [-97.349633, 25.926658], [-97.349813, 25.926108], [-97.349951, 25.925719], [-97.350176, 25.925247], [-97.350483, 25.924628], [-97.350795, 25.924136], [-97.351113, 25.923658], [-97.351498, 25.923164], [-97.351772, 25.922814], [-97.352063, 25.922465], [-97.352559, 25.921873], [-97.353303, 25.921068], [-97.353973, 25.920348], [-97.354336, 25.919992], [-97.354893, 25.919583], [-97.355443, 25.919178], [-97.356193, 25.918688], [-97.357233, 25.918148], [-97.357703, 25.917926], [-97.358331, 25.91761], [-97.358892, 25.91734], [-97.359533, 25.917028], [-97.360003, 25.916768], [-97.360403, 25.916538], [-97.360793, 25.916318], [-97.361253, 25.915898], [-97.361663, 25.915698], [-97.362087, 25.915608], [-97.362483, 25.915648], [-97.362903, 25.915728], [-97.363453, 25.915848], [-97.363942, 25.91596], [-97.364383, 25.916048], [-97.364833, 25.916078], [-97.365481, 25.916047], [-97.366223, 25.915908], [-97.366529, 25.915812], [-97.36697, 25.915724], [-97.367113, 25.915714], [-97.36746, 25.915682], [-97.367985, 25.915626], [-97.368273, 25.915567], [-97.368533, 25.915468], [-97.368873, 25.915298], [-97.369113, 25.914978], [-97.369283, 25.914598], [-97.369362, 25.914252], [-97.369393, 25.914178], [-97.369463, 25.913658], [-97.36945, 25.913442], [-97.369433, 25.913168], [-97.369431, 25.912901], [-97.369333, 25.912628], [-97.369173, 25.912178], [-97.368943, 25.911818], [-97.368633, 25.911418], [-97.368273, 25.910938], [-97.368153, 25.910608], [-97.368121, 25.910369], [-97.368141, 25.910079], [-97.368245, 25.909835], [-97.368453, 25.909598], [-97.36887, 25.909263], [-97.369333, 25.909028], [-97.369707, 25.90896], [-97.370063, 25.908928], [-97.370417, 25.908951], [-97.370713, 25.909028], [-97.371062, 25.909223], [-97.371376, 25.909417], [-97.37178, 25.909589], [-97.372283, 25.909698], [-97.37264, 25.909702], [-97.373046, 25.909675], [-97.373386, 25.90954], [-97.373713, 25.909358], [-97.374099, 25.909118], [-97.374473, 25.908768], [-97.374765, 25.908451], [-97.374983, 25.908113], [-97.375183, 25.907748], [-97.375248, 25.907461], [-97.375235, 25.907125], [-97.37517, 25.906819], [-97.37492, 25.906465], [-97.374653, 25.906112], [-97.374301, 25.905849], [-97.373881, 25.905586], [-97.37341, 25.905337], [-97.372804, 25.905119], [-97.372332, 25.904947], [-97.371723, 25.904748], [-97.371053, 25.904493], [-97.370228, 25.904181], [-97.36947, 25.90393], [-97.36883, 25.903711], [-97.368291, 25.903538], [-97.367933, 25.903468], [-97.367073, 25.903268], [-97.366653, 25.903088], [-97.366233, 25.902838], [-97.366052, 25.902679], [-97.365923, 25.902438], [-97.365843, 25.901938], [-97.365833, 25.901368], [-97.365816, 25.900859], [-97.365933, 25.900118], [-97.366093, 25.899438], [-97.366291, 25.898952], [-97.366397, 25.898556], [-97.366536, 25.898175], [-97.366693, 25.897626], [-97.366903, 25.896909], [-97.367027, 25.896314], [-97.367116, 25.895902], [-97.367238, 25.89549], [-97.367343, 25.895109], [-97.367398, 25.894682], [-97.367436, 25.894254], [-97.367441, 25.893795], [-97.367403, 25.893448], [-97.367363, 25.892838], [-97.367163, 25.891858], [-97.367024, 25.891515], [-97.366863, 25.891228], [-97.366543, 25.890808], [-97.366374, 25.890608], [-97.366143, 25.890438], [-97.365753, 25.890175], [-97.365481, 25.890033], [-97.365203, 25.889888], [-97.364603, 25.889738], [-97.364063, 25.889638], [-97.363493, 25.889598], [-97.362943, 25.889648], [-97.362413, 25.889738], [-97.361883, 25.889788], [-97.361353, 25.889838], [-97.360783, 25.889868], [-97.360233, 25.889898], [-97.359493, 25.889928], [-97.358843, 25.889888], [-97.358203, 25.889728], [-97.357623, 25.889378], [-97.357163, 25.889068], [-97.356893, 25.888828], [-97.356745, 25.88868], [-97.356593, 25.888468], [-97.356462, 25.88828], [-97.356393, 25.888038], [-97.356416, 25.887775], [-97.356483, 25.887548], [-97.356624, 25.887288], [-97.356829, 25.88703], [-97.357203, 25.886748], [-97.357612, 25.886501], [-97.358173, 25.886228], [-97.358698, 25.886067], [-97.359172, 25.885948], [-97.359866, 25.885847], [-97.360305, 25.885805], [-97.360745, 25.885808], [-97.361437, 25.885875], [-97.362573, 25.885938], [-97.363693, 25.885868], [-97.364303, 25.885778], [-97.364833, 25.885688], [-97.365443, 25.885548], [-97.365481, 25.885535], [-97.366363, 25.885228], [-97.366873, 25.885088], [-97.367383, 25.884858], [-97.368103, 25.884528], [-97.368872, 25.884117], [-97.36941, 25.88382], [-97.369923, 25.883528], [-97.370418, 25.883274], [-97.370825, 25.883063], [-97.371318, 25.882776], [-97.371675, 25.882535], [-97.372043, 25.882298], [-97.372458, 25.881991], [-97.372913, 25.881618], [-97.373303, 25.881298], [-97.373584, 25.881007], [-97.373833, 25.880748], [-97.373986, 25.880417], [-97.374123, 25.880118], [-97.374293, 25.879418], [-97.374327, 25.879178], [-97.374296, 25.878934], [-97.37423, 25.878719], [-97.374046, 25.878519], [-97.373912, 25.878426], [-97.373643, 25.878332], [-97.373306, 25.878268], [-97.372793, 25.878218], [-97.372526, 25.878209], [-97.372343, 25.8782], [-97.371863, 25.878208], [-97.370683, 25.878228], [-97.369842, 25.878271], [-97.369023, 25.878318], [-97.368624, 25.878383], [-97.368253, 25.878396], [-97.36778, 25.878346], [-97.36724, 25.878265], [-97.366616, 25.878123], [-97.366181, 25.87803], [-97.365605, 25.877885], [-97.365481, 25.87787], [-97.364733, 25.877778], [-97.363783, 25.877728], [-97.363342, 25.877775], [-97.362987, 25.877848], [-97.362631, 25.877937], [-97.362342, 25.878072], [-97.362104, 25.878223], [-97.362006, 25.878299], [-97.361873, 25.878418], [-97.361593, 25.878868], [-97.361413, 25.879388], [-97.361223, 25.879648], [-97.360813, 25.879898], [-97.360263, 25.880038], [-97.359753, 25.879978], [-97.359333, 25.879778], [-97.358983, 25.879398], [-97.358753, 25.878958], [-97.358553, 25.878418], [-97.358513, 25.877978], [-97.358573, 25.877308], [-97.358683, 25.876758], [-97.358823, 25.876048], [-97.358903, 25.875753], [-97.358973, 25.875498], [-97.359056, 25.875262], [-97.359134, 25.875012], [-97.359237, 25.87474], [-97.359354, 25.874389], [-97.359409, 25.874059], [-97.359463, 25.873693], [-97.359433, 25.873008], [-97.359313, 25.872278], [-97.359153, 25.871708], [-97.359111, 25.871592], [-97.358993, 25.871268], [-97.358623, 25.870628], [-97.358353, 25.870148], [-97.358043, 25.869648], [-97.357693, 25.869188], [-97.357403, 25.868798], [-97.357103, 25.868438], [-97.356833, 25.868068], [-97.356623, 25.867708], [-97.356569, 25.867532], [-97.356593, 25.867318], [-97.356843, 25.866898], [-97.35715, 25.866651], [-97.357533, 25.866358], [-97.357799, 25.866131], [-97.358053, 25.865906], [-97.358443, 25.865628], [-97.358638, 25.865583], [-97.358833, 25.865608], [-97.359044, 25.865743], [-97.359168, 25.865986], [-97.359139, 25.866333], [-97.359001, 25.866922], [-97.358889, 25.867177], [-97.358791, 25.867489], [-97.358725, 25.867858], [-97.358704, 25.868327], [-97.358811, 25.868698], [-97.358949, 25.869054], [-97.359166, 25.869312], [-97.359393, 25.869478], [-97.359712, 25.869671], [-97.360183, 25.869761], [-97.360529, 25.869735], [-97.360985, 25.869611], [-97.36149, 25.86943], [-97.362108, 25.868938], [-97.362473, 25.868543], [-97.362727, 25.868218], [-97.362903, 25.867921], [-97.363112, 25.867496], [-97.363313, 25.867058], [-97.363513, 25.866675], [-97.363704, 25.866407], [-97.364023, 25.866008], [-97.364343, 25.865668], [-97.364724, 25.865324], [-97.365063, 25.865018], [-97.365585, 25.86457], [-97.36591, 25.864165], [-97.366101, 25.86391], [-97.366253, 25.863688], [-97.366389, 25.863387], [-97.366533, 25.863075], [-97.366723, 25.86268], [-97.366915, 25.862329], [-97.367113, 25.861998], [-97.367273, 25.86165], [-97.367466, 25.861219], [-97.367634, 25.860766], [-97.367776, 25.860358], [-97.36793, 25.860018], [-97.368059, 25.859723], [-97.368111, 25.859542], [-97.368226, 25.859315], [-97.368418, 25.858998], [-97.368622, 25.85875], [-97.368936, 25.858404], [-97.369363, 25.858095], [-97.369885, 25.857787], [-97.370437, 25.857564], [-97.370894, 25.857411], [-97.371367, 25.857258], [-97.37164, 25.857205], [-97.371983, 25.857158], [-97.372436, 25.857182], [-97.372891, 25.8572], [-97.373413, 25.857158], [-97.373883, 25.857128], [-97.374394, 25.857057], [-97.374843, 25.856888], [-97.375189, 25.856749], [-97.375568, 25.856509], [-97.375813, 25.856268], [-97.376013, 25.855958], [-97.376221, 25.855578], [-97.376398, 25.855238], [-97.376602, 25.85488], [-97.376654, 25.854767], [-97.376655, 25.85463], [-97.376563, 25.854401], [-97.376332, 25.85423], [-97.375903, 25.854038], [-97.375421, 25.853965], [-97.374983, 25.853944], [-97.374413, 25.853988], [-97.373753, 25.854048], [-97.372883, 25.854208], [-97.371903, 25.854388], [-97.371153, 25.854488], [-97.370357, 25.854521], [-97.369901, 25.854503], [-97.369336, 25.854456], [-97.368741, 25.854352], [-97.368303, 25.854238], [-97.367553, 25.854018], [-97.367034, 25.853812], [-97.366533, 25.853623], [-97.366157, 25.853478], [-97.365798, 25.85329], [-97.365363, 25.852958], [-97.365033, 25.852588], [-97.364723, 25.852148], [-97.364477, 25.851801], [-97.364308, 25.851487], [-97.364203, 25.851208], [-97.364043, 25.850758], [-97.363941, 25.850447], [-97.363912, 25.850176], [-97.363962, 25.849949], [-97.364073, 25.849794], [-97.364326, 25.849697], [-97.364655, 25.849699], [-97.364938, 25.849758], [-97.365283, 25.849918], [-97.365783, 25.850188], [-97.366333, 25.850448], [-97.366767, 25.850626], [-97.367205, 25.850772], [-97.367754, 25.850847], [-97.368233, 25.850828], [-97.368855, 25.850743], [-97.369343, 25.850619], [-97.369883, 25.850388], [-97.370432, 25.850073], [-97.370828, 25.849778], [-97.371066, 25.849521], [-97.371263, 25.849308], [-97.371432, 25.849044], [-97.371608, 25.848747], [-97.371803, 25.848338], [-97.371977, 25.847968], [-97.372106, 25.847642], [-97.372163, 25.847268], [-97.372183, 25.846805], [-97.372165, 25.846363], [-97.372186, 25.845909], [-97.372144, 25.845325], [-97.372052, 25.844792], [-97.371932, 25.844211], [-97.371849, 25.843698], [-97.371753, 25.843158], [-97.371691, 25.842833], [-97.371633, 25.842528], [-97.371625, 25.842264], [-97.371703, 25.841992], [-97.371833, 25.841588], [-97.37205, 25.841142], [-97.372255, 25.840836], [-97.372473, 25.840518], [-97.37265, 25.840214], [-97.372765, 25.840067], [-97.372879, 25.839954], [-97.373056, 25.839831], [-97.373308, 25.839765], [-97.373572, 25.839778], [-97.373895, 25.839839], [-97.374353, 25.839978], [-97.374668, 25.840099], [-97.374709, 25.840116], [-97.375151, 25.840223], [-97.375555, 25.840307], [-97.376053, 25.840348], [-97.376418, 25.840357], [-97.376764, 25.840317], [-97.377173, 25.840235], [-97.377803, 25.840078], [-97.378273, 25.839968], [-97.37871, 25.839888], [-97.379276, 25.839801], [-97.379704, 25.839714], [-97.380258, 25.839592], [-97.380699, 25.839517], [-97.381127, 25.839464], [-97.381516, 25.83949], [-97.38198, 25.839596], [-97.382417, 25.839804], [-97.382755, 25.840011], [-97.382983, 25.840178], [-97.38344, 25.840597], [-97.383825, 25.84102], [-97.384111, 25.84133], [-97.384297, 25.841604], [-97.384421, 25.841844], [-97.384632, 25.8421], [-97.38498, 25.842485], [-97.385307, 25.842782], [-97.385726, 25.843253], [-97.386038, 25.843517], [-97.386303, 25.843688], [-97.386575, 25.843828], [-97.386876, 25.843895], [-97.387301, 25.843813], [-97.387653, 25.843598], [-97.387873, 25.843278], [-97.388043, 25.842858], [-97.388147, 25.842397], [-97.388233, 25.841808], [-97.388269, 25.841499], [-97.388347, 25.841182], [-97.388463, 25.84061], [-97.388609, 25.840149], [-97.388813, 25.839809], [-97.389143, 25.839448], [-97.389371, 25.839245], [-97.389663, 25.839058], [-97.390118, 25.83874], [-97.390699, 25.838449], [-97.391127, 25.838304], [-97.391833, 25.838071], [-97.392477, 25.837758], [-97.392843, 25.83756], [-97.393134, 25.837399], [-97.393386, 25.837287], [-97.393638, 25.837198], [-97.3939, 25.8371], [-97.394213, 25.837048], [-97.394743, 25.837118], [-97.395453, 25.837268], [-97.395823, 25.837375], [-97.396136, 25.837502], [-97.396603, 25.837708], [-97.397033, 25.837928], [-97.397548, 25.838253], [-97.397933, 25.838548], [-97.398222, 25.838758], [-97.398572, 25.83892], [-97.398886, 25.839002], [-97.399287, 25.839051], [-97.399793, 25.839058], [-97.400204, 25.839058], [-97.400703, 25.838978], [-97.401233, 25.838878], [-97.401869, 25.838725], [-97.4021, 25.838618], [-97.402413, 25.838488], [-97.4027, 25.838305], [-97.402865, 25.838124], [-97.403043, 25.837998], [-97.403307, 25.837877], [-97.403653, 25.837778], [-97.403937, 25.8377], [-97.404251, 25.837657], [-97.404628, 25.83766], [-97.404993, 25.837628], [-97.405282, 25.837609], [-97.405593, 25.837628], [-97.405834, 25.837681], [-97.405984, 25.837762], [-97.406285, 25.837889], [-97.406546, 25.838108], [-97.406745, 25.838348], [-97.407003, 25.838828], [-97.407123, 25.839308], [-97.407161, 25.839511], [-97.407133, 25.839768], [-97.406943, 25.840068], [-97.406473, 25.840328], [-97.405773, 25.840498], [-97.404993, 25.840548], [-97.404273, 25.840368], [-97.403875, 25.840236], [-97.403303, 25.840148], [-97.402921, 25.840149], [-97.402583, 25.840178], [-97.402228, 25.840257], [-97.401953, 25.840358], [-97.401503, 25.840618], [-97.400933, 25.841078], [-97.400543, 25.841468], [-97.400354, 25.8418], [-97.400223, 25.842098], [-97.400147, 25.842389], [-97.400093, 25.842728], [-97.40015, 25.843367], [-97.400296, 25.84388], [-97.400481, 25.844223], [-97.400617, 25.844508], [-97.400752, 25.844873], [-97.400824, 25.845158], [-97.400896, 25.845534], [-97.400893, 25.845798], [-97.400878, 25.846102], [-97.400812, 25.846443], [-97.400579, 25.847112], [-97.400313, 25.847638], [-97.399973, 25.848148], [-97.399457, 25.84882], [-97.399241, 25.849091], [-97.399003, 25.849438], [-97.398846, 25.849668], [-97.398743, 25.849918], [-97.398689, 25.850269], [-97.398708, 25.850405], [-97.398733, 25.850578], [-97.398809, 25.850816], [-97.398945, 25.851044], [-97.399256, 25.851422], [-97.399883, 25.851848], [-97.400214, 25.852066], [-97.400455, 25.852228], [-97.400742, 25.852389], [-97.401073, 25.852418], [-97.401422, 25.852367], [-97.401736, 25.852294], [-97.402304, 25.852015], [-97.402759, 25.851757], [-97.403113, 25.851532], [-97.403455, 25.851216], [-97.403798, 25.850833], [-97.404078, 25.850505], [-97.404384, 25.849996], [-97.404643, 25.849498], [-97.404863, 25.848998], [-97.405053, 25.848468], [-97.405193, 25.847968], [-97.405253, 25.847568], [-97.405281, 25.846876], [-97.405286, 25.84633], [-97.405309, 25.846], [-97.405367, 25.845751], [-97.405445, 25.845535], [-97.405585, 25.845286], [-97.405903, 25.844958], [-97.406313, 25.844738], [-97.406509, 25.844657], [-97.406753, 25.844628], [-97.407136, 25.844719], [-97.407499, 25.844903], [-97.407763, 25.845099], [-97.407993, 25.845268], [-97.408285, 25.845535], [-97.408633, 25.845958], [-97.408979, 25.846473], [-97.409214, 25.846884], [-97.409536, 25.847421], [-97.409834, 25.847798], [-97.410003, 25.848138], [-97.410273, 25.848678], [-97.410463, 25.849148], [-97.410571, 25.849532], [-97.410613, 25.849828], [-97.410616, 25.850158], [-97.410512, 25.850487], [-97.410447, 25.850748], [-97.410323, 25.851068], [-97.409993, 25.851578], [-97.409633, 25.852048], [-97.409263, 25.852548], [-97.408663, 25.853509], [-97.408215, 25.854108], [-97.408061, 25.854436], [-97.407953, 25.854788], [-97.407929, 25.855118], [-97.407983, 25.855378], [-97.408236, 25.855859], [-97.408485, 25.856134], [-97.408746, 25.856432], [-97.408933, 25.856649], [-97.409063, 25.856858], [-97.409218, 25.857072], [-97.409278, 25.857277], [-97.409376, 25.857608], [-97.409348, 25.857892], [-97.409273, 25.858188], [-97.409013, 25.858748], [-97.408871, 25.858936], [-97.408644, 25.859262], [-97.408377, 25.859578], [-97.408093, 25.859898], [-97.407893, 25.860258], [-97.407783, 25.860698], [-97.407763, 25.861078], [-97.407863, 25.861518], [-97.408193, 25.861878], [-97.408409, 25.862023], [-97.408583, 25.862138], [-97.409023, 25.862248], [-97.409573, 25.862258], [-97.409983, 25.862178], [-97.410533, 25.861928], [-97.410963, 25.861688], [-97.411376, 25.861364], [-97.411733, 25.860948], [-97.412053, 25.860558], [-97.412453, 25.860068], [-97.412763, 25.859628], [-97.413023, 25.859128], [-97.413243, 25.858678], [-97.413523, 25.858128], [-97.413569, 25.858019], [-97.413724, 25.857642], [-97.413843, 25.857248], [-97.413983, 25.856802], [-97.414061, 25.856553], [-97.414093, 25.856248], [-97.414092, 25.855962], [-97.414043, 25.855688], [-97.413926, 25.854846], [-97.413803, 25.854168], [-97.413683, 25.853618], [-97.413653, 25.853038], [-97.413749, 25.852298], [-97.41384, 25.852003], [-97.413918, 25.851708], [-97.413972, 25.851344], [-97.414051, 25.850947], [-97.414213, 25.850228], [-97.414327, 25.849698], [-97.414419, 25.849255], [-97.414593, 25.848448], [-97.414668, 25.848166], [-97.414721, 25.847916], [-97.414593, 25.847308], [-97.41448, 25.846879], [-97.414334, 25.846321], [-97.414153, 25.845758], [-97.414041, 25.845443], [-97.413956, 25.845113], [-97.413905, 25.844704], [-97.413853, 25.844278], [-97.413753, 25.843986], [-97.413568, 25.843643], [-97.413395, 25.843357], [-97.413258, 25.843243], [-97.413033, 25.843093], [-97.412707, 25.843022], [-97.412494, 25.842952], [-97.412281, 25.842814], [-97.412157, 25.842677], [-97.412093, 25.842468], [-97.4121, 25.842097], [-97.412183, 25.841828], [-97.412281, 25.841518], [-97.412485, 25.841213], [-97.412651, 25.840975], [-97.412863, 25.840828], [-97.413156, 25.840729], [-97.413423, 25.840728], [-97.414133, 25.840768], [-97.414662, 25.840854], [-97.415101, 25.840949], [-97.415528, 25.841043], [-97.415863, 25.841148], [-97.416368, 25.841232], [-97.416594, 25.841245], [-97.416823, 25.841198], [-97.417161, 25.841101], [-97.417503, 25.841018], [-97.418133, 25.840918], [-97.418507, 25.840896], [-97.419022, 25.840866], [-97.419523, 25.840828], [-97.41984, 25.840747], [-97.420268, 25.840716], [-97.420713, 25.840628], [-97.421414, 25.840418], [-97.421792, 25.840296], [-97.42212, 25.840207], [-97.422397, 25.840164], [-97.422711, 25.840144], [-97.422975, 25.840146], [-97.423301, 25.840194], [-97.423602, 25.84023], [-97.423883, 25.840318], [-97.424393, 25.840408], [-97.424994, 25.840525], [-97.425371, 25.840596], [-97.425772, 25.840702], [-97.426172, 25.840864], [-97.426472, 25.841014], [-97.426897, 25.841313], [-97.427133, 25.841542], [-97.427373, 25.841821], [-97.42793, 25.84239], [-97.428579, 25.842838], [-97.428966, 25.843103], [-97.429776, 25.843803], [-97.43025, 25.844227], [-97.430623, 25.844571], [-97.431008, 25.845051], [-97.431533, 25.845618], [-97.43218, 25.846084], [-97.432753, 25.846657], [-97.433333, 25.847318], [-97.434058, 25.848156], [-97.434212, 25.848313], [-97.434593, 25.848706], [-97.435041, 25.849176], [-97.435303, 25.849405], [-97.435464, 25.849611], [-97.435993, 25.849898], [-97.436253, 25.849947], [-97.436542, 25.849938], [-97.43702, 25.84985], [-97.437489, 25.849722], [-97.437795, 25.849622], [-97.438156, 25.84938], [-97.438396, 25.849246], [-97.438625, 25.849132], [-97.439242, 25.848797], [-97.439696, 25.848562], [-97.440037, 25.848405], [-97.440415, 25.848292], [-97.440806, 25.848195], [-97.441183, 25.84813], [-97.441624, 25.848076], [-97.442252, 25.848013], [-97.44283, 25.848051], [-97.443207, 25.848077], [-97.443557, 25.848216], [-97.443857, 25.848389], [-97.44407, 25.848538], [-97.444431, 25.848905], [-97.444667, 25.849214], [-97.444805, 25.849482], [-97.445063, 25.849876], [-97.445395, 25.850242], [-97.445647, 25.850586], [-97.445819, 25.850939], [-97.44593, 25.851225], [-97.445925, 25.851392], [-97.445823, 25.85194], [-97.445554, 25.852438], [-97.445303, 25.85283], [-97.445006, 25.853264], [-97.444524, 25.853727], [-97.444271, 25.853986], [-97.444181, 25.854156], [-97.444117, 25.854315], [-97.444027, 25.854542], [-97.444015, 25.854812], [-97.444125, 25.855462], [-97.44428, 25.855704], [-97.444529, 25.855956], [-97.444755, 25.856112], [-97.445229, 25.856382], [-97.445856, 25.856489], [-97.446648, 25.856472], [-97.447126, 25.856453], [-97.447604, 25.856331], [-97.448345, 25.856012], [-97.448835, 25.855722], [-97.449359, 25.855435], [-97.449776, 25.855256], [-97.450268, 25.855032], [-97.450875, 25.854662], [-97.451305, 25.854342], [-97.451457, 25.854154], [-97.451645, 25.854002], [-97.452245, 25.853762], [-97.45258, 25.853708], [-97.452895, 25.853672], [-97.453309, 25.853679], [-97.453635, 25.853784], [-97.453845, 25.853912], [-97.454021, 25.854094], [-97.454115, 25.854292], [-97.454167, 25.854618], [-97.454145, 25.854892], [-97.454073, 25.855277], [-97.453945, 25.855692], [-97.453865, 25.856128], [-97.453745, 25.856542], [-97.453378, 25.857102], [-97.453111, 25.857464], [-97.452781, 25.857848], [-97.452435, 25.858302], [-97.452075, 25.858682], [-97.45174, 25.858978], [-97.451601, 25.859045], [-97.451415, 25.859072], [-97.450965, 25.859072], [-97.450335, 25.859022], [-97.449918, 25.858953], [-97.449478, 25.858927], [-97.449164, 25.858924], [-97.448837, 25.858979], [-97.448475, 25.859102], [-97.44823, 25.859361], [-97.448115, 25.859692], [-97.448135, 25.860065], [-97.448171, 25.86027], [-97.448192, 25.860725], [-97.448177, 25.861043], [-97.448097, 25.861531], [-97.447967, 25.861974], [-97.447838, 25.86236], [-97.44781, 25.862787], [-97.447785, 25.863222], [-97.447575, 25.863551], [-97.447235, 25.863802], [-97.446627, 25.864192], [-97.446039, 25.864522], [-97.445755, 25.864682], [-97.445565, 25.864867], [-97.445425, 25.865104], [-97.445131, 25.865637], [-97.444952, 25.866012], [-97.444923, 25.866073], [-97.444785, 25.866362], [-97.444693, 25.86677], [-97.444605, 25.867472], [-97.444685, 25.867922], [-97.444768, 25.868181], [-97.444955, 25.868482], [-97.445365, 25.869062], [-97.445873, 25.869633], [-97.446039, 25.869778], [-97.446097, 25.869828], [-97.446245, 25.870042], [-97.446507, 25.870434], [-97.446665, 25.870792], [-97.447038, 25.871439], [-97.447237, 25.87169], [-97.447474, 25.871863], [-97.447874, 25.87207], [-97.448285, 25.872202], [-97.44879, 25.872259], [-97.449385, 25.872252], [-97.449915, 25.872132], [-97.450264, 25.871895], [-97.450475, 25.871692], [-97.450687, 25.871412], [-97.450861, 25.871126], [-97.451135, 25.870582], [-97.451375, 25.869948], [-97.451587, 25.869589], [-97.451796, 25.869234], [-97.452155, 25.868772], [-97.452515, 25.868382], [-97.453025, 25.867742], [-97.453475, 25.867382], [-97.454005, 25.867162], [-97.454442, 25.867128], [-97.454955, 25.867172], [-97.455475, 25.867312], [-97.455835, 25.867562], [-97.456208, 25.867903], [-97.456595, 25.868352], [-97.456865, 25.868782], [-97.457015, 25.869252], [-97.457055, 25.869712], [-97.457005, 25.870362], [-97.456744, 25.870866], [-97.456415, 25.871492], [-97.456175, 25.872122], [-97.456015, 25.872822], [-97.455944, 25.87328], [-97.455835, 25.873992], [-97.455719, 25.874608], [-97.455622, 25.875025], [-97.455547, 25.875482], [-97.455456, 25.875868], [-97.455285, 25.876674], [-97.455207, 25.877015], [-97.455084, 25.877439], [-97.454971, 25.877736], [-97.45493, 25.878045], [-97.454898, 25.878284], [-97.454853, 25.87866], [-97.454835, 25.878762], [-97.454785, 25.879262], [-97.45471, 25.880156], [-97.454724, 25.880607], [-97.454738, 25.881135], [-97.454755, 25.882052], [-97.454926, 25.882679], [-97.455065, 25.883459], [-97.455365, 25.883992], [-97.455627, 25.88416], [-97.455875, 25.884252], [-97.456425, 25.884362], [-97.457001, 25.884336], [-97.457698, 25.884275], [-97.458543, 25.884099], [-97.459794, 25.88371], [-97.460768, 25.883403], [-97.461431, 25.883142], [-97.462045, 25.882892], [-97.462701, 25.882604], [-97.463308, 25.882393], [-97.463989, 25.882033], [-97.46458, 25.881623], [-97.465041, 25.881328], [-97.465575, 25.880772], [-97.465912, 25.880339], [-97.466301, 25.879811], [-97.466562, 25.879415], [-97.466825, 25.879002], [-97.467135, 25.878592], [-97.467425, 25.878202], [-97.467805, 25.877732], [-97.468102, 25.877403], [-97.46849, 25.877024], [-97.469083, 25.876398], [-97.469415, 25.875922], [-97.469769, 25.875491], [-97.470247, 25.875345], [-97.470944, 25.875301], [-97.471531, 25.875322], [-97.472208, 25.875476], [-97.472645, 25.875702], [-97.473245, 25.875982], [-97.473397, 25.876068], [-97.473995, 25.876372], [-97.47427, 25.876553], [-97.474445, 25.876792], [-97.474655, 25.877312], [-97.47479, 25.877834], [-97.474877, 25.878332], [-97.474836, 25.878896], [-97.474794, 25.879509], [-97.474755, 25.879757], [-97.474625, 25.879932], [-97.474065, 25.880362], [-97.473185, 25.880812], [-97.472505, 25.881042], [-97.471795, 25.881262], [-97.470735, 25.881722], [-97.469873, 25.882259], [-97.469374, 25.882687], [-97.469004, 25.883099], [-97.468708, 25.883412], [-97.468354, 25.884023], [-97.468227, 25.884337], [-97.468054, 25.88475], [-97.467958, 25.885181], [-97.467895, 25.885672], [-97.467875, 25.886308], [-97.467852, 25.886822], [-97.467866, 25.88722], [-97.467936, 25.887652], [-97.46806, 25.888167], [-97.468404, 25.888634], [-97.468824, 25.888836], [-97.46941, 25.888891], [-97.470052, 25.888812], [-97.47066, 25.888568], [-97.470974, 25.888338], [-97.471214, 25.888074], [-97.47151, 25.887778], [-97.472185, 25.887242], [-97.472675, 25.886792], [-97.473099, 25.886446], [-97.473562, 25.886018], [-97.474005, 25.885607], [-97.474375, 25.885228], [-97.475041, 25.884669], [-97.475614, 25.884143], [-97.476039, 25.883781], [-97.476086, 25.883738], [-97.476366, 25.883479], [-97.476612, 25.883254], [-97.477129, 25.882843], [-97.477701, 25.882483], [-97.478615, 25.881902], [-97.479615, 25.881242], [-97.48008, 25.880941], [-97.480705, 25.880542], [-97.481297, 25.880137], [-97.482025, 25.879742], [-97.482679, 25.879417], [-97.483345, 25.879162], [-97.484155, 25.878842], [-97.484935, 25.878582], [-97.485511, 25.878393], [-97.486025, 25.878347], [-97.486465, 25.878383], [-97.486865, 25.878542], [-97.487268, 25.878771], [-97.487616, 25.878873], [-97.487779, 25.879073], [-97.487886, 25.879405], [-97.487791, 25.879786], [-97.487655, 25.880082], [-97.487362, 25.880629], [-97.486917, 25.88119], [-97.486635, 25.881642], [-97.486425, 25.882152], [-97.486265, 25.882672], [-97.486236, 25.883507], [-97.486377, 25.884138], [-97.486556, 25.884704], [-97.4869, 25.885121], [-97.487412, 25.885323], [-97.487833, 25.885426], [-97.488455, 25.885212], [-97.488835, 25.884932], [-97.489265, 25.884572], [-97.489565, 25.884232], [-97.489905, 25.883782], [-97.490305, 25.883322], [-97.490695, 25.882852], [-97.490975, 25.882502], [-97.491365, 25.882032], [-97.491628, 25.881751], [-97.491655, 25.881722], [-97.492125, 25.881312], [-97.492547, 25.881048], [-97.493105, 25.880842], [-97.493545, 25.880602], [-97.493985, 25.880242], [-97.494425, 25.879922], [-97.495065, 25.879722], [-97.495465, 25.879652], [-97.495879, 25.879613], [-97.49619, 25.879598], [-97.496795, 25.879685], [-97.497123, 25.879854], [-97.49745, 25.880204], [-97.497556, 25.880636], [-97.497515, 25.881242], [-97.497495, 25.881782], [-97.497445, 25.882362], [-97.497395, 25.883222], [-97.497383, 25.883704], [-97.497465, 25.884222], [-97.497645, 25.885122], [-97.497693, 25.885929], [-97.497665, 25.886692], [-97.497664, 25.887205], [-97.497575, 25.887772], [-97.497379, 25.888298], [-97.497172, 25.888877], [-97.497035, 25.889522], [-97.496986, 25.890104], [-97.496945, 25.890592], [-97.496815, 25.891702], [-97.496682, 25.892506], [-97.496566, 25.893278], [-97.496526, 25.8936], [-97.496466, 25.89413], [-97.496444, 25.894495], [-97.496405, 25.895242], [-97.496397, 25.895689], [-97.496376, 25.896054], [-97.496515, 25.896692], [-97.496665, 25.897042], [-97.496855, 25.897272], [-97.49704, 25.897617], [-97.497221, 25.898], [-97.497455, 25.898552], [-97.49762, 25.898756], [-97.497762, 25.898933], [-97.498146, 25.899068], [-97.498551, 25.898988], [-97.498938, 25.898759], [-97.499345, 25.898212], [-97.49968, 25.897753], [-97.499995, 25.897414], [-97.500299, 25.896999], [-97.500755, 25.896417], [-97.501109, 25.895872], [-97.50161, 25.895195], [-97.502092, 25.894569], [-97.502629, 25.893959], [-97.503084, 25.893454], [-97.503535, 25.893119], [-97.503885, 25.892923], [-97.504084, 25.892672], [-97.504348, 25.892428], [-97.504535, 25.892102], [-97.504645, 25.891978], [-97.504763, 25.891862], [-97.504978, 25.89162], [-97.505435, 25.891092], [-97.505925, 25.890712], [-97.506695, 25.890172], [-97.506797, 25.89011], [-97.507355, 25.889772], [-97.508145, 25.889252], [-97.508805, 25.888782], [-97.509335, 25.888442], [-97.510435, 25.887712], [-97.510855, 25.887512], [-97.511342, 25.887336], [-97.511929, 25.88734], [-97.512925, 25.887432], [-97.513707, 25.887386], [-97.514294, 25.887291], [-97.514575, 25.887246], [-97.5149, 25.887196], [-97.515599, 25.886952], [-97.516738, 25.886711], [-97.517528, 25.886584], [-97.518225, 25.886532], [-97.518722, 25.88636], [-97.519035, 25.886213], [-97.51963, 25.88606], [-97.520225, 25.886002], [-97.520665, 25.886062], [-97.521045, 25.886162], [-97.521425, 25.886332], [-97.521755, 25.886622], [-97.522001, 25.886768], [-97.522265, 25.886952], [-97.522655, 25.887452], [-97.522907, 25.887965], [-97.523065, 25.888382], [-97.523283, 25.889046], [-97.523425, 25.889594], [-97.523511, 25.890275], [-97.523485, 25.890832], [-97.523315, 25.891472], [-97.523185, 25.892152], [-97.523025, 25.892792], [-97.522975, 25.893222], [-97.522895, 25.893762], [-97.522835, 25.894802], [-97.522825, 25.895346], [-97.522865, 25.895802], [-97.523034, 25.896724], [-97.523211, 25.897372], [-97.523426, 25.898037], [-97.523585, 25.898572], [-97.523735, 25.898962], [-97.524085, 25.899542], [-97.524419, 25.899835], [-97.524929, 25.900237], [-97.525531, 25.900656], [-97.526095, 25.901141], [-97.52655, 25.901608], [-97.527039, 25.902259], [-97.52731, 25.902775], [-97.527597, 25.90349], [-97.527722, 25.903905], [-97.527875, 25.904272], [-97.52792, 25.904395], [-97.528065, 25.904812], [-97.528185, 25.905372], [-97.528235, 25.905942], [-97.528289, 25.906248], [-97.528355, 25.906422], [-97.528687, 25.906914], [-97.529069, 25.907199], [-97.529618, 25.907418], [-97.530186, 25.907489], [-97.530865, 25.907427], [-97.531526, 25.907299], [-97.532204, 25.907337], [-97.532698, 25.907473], [-97.5331, 25.907758], [-97.533316, 25.90824], [-97.533292, 25.908821], [-97.53327, 25.909318], [-97.533505, 25.910332], [-97.533815, 25.911062], [-97.533885, 25.911612], [-97.533828, 25.911875], [-97.533715, 25.912142], [-97.533336, 25.912787], [-97.532861, 25.913381], [-97.532505, 25.913782], [-97.532062, 25.914211], [-97.531617, 25.914712], [-97.530877, 25.915463], [-97.53067, 25.915688], [-97.530477, 25.915978], [-97.530215, 25.916372], [-97.529975, 25.916802], [-97.529865, 25.917168], [-97.529833, 25.917447], [-97.529805, 25.917942], [-97.529725, 25.918462], [-97.529732, 25.918705], [-97.529745, 25.919052], [-97.529905, 25.919522], [-97.53012, 25.91997], [-97.530515, 25.920302], [-97.531128, 25.920534], [-97.5317, 25.920591], [-97.532345, 25.920609], [-97.532977, 25.920547], [-97.533593, 25.920511], [-97.534181, 25.920436], [-97.53471, 25.920347], [-97.535475, 25.920222], [-97.536194, 25.920038], [-97.536739, 25.91987], [-97.537297, 25.919728], [-97.53793, 25.919573], [-97.538935, 25.919402], [-97.539495, 25.919332], [-97.540085, 25.919272], [-97.540647, 25.919233], [-97.541469, 25.919186], [-97.541865, 25.919242], [-97.542319, 25.919338], [-97.542699, 25.919579], [-97.543033, 25.919979], [-97.543125, 25.920442], [-97.543142, 25.920909], [-97.543036, 25.921346], [-97.542775, 25.921802], [-97.542427, 25.922178], [-97.541969, 25.922626], [-97.541599, 25.922982], [-97.541126, 25.923403], [-97.540623, 25.923824], [-97.540017, 25.924364], [-97.539692, 25.92468], [-97.539188, 25.925181], [-97.538745, 25.925602], [-97.538345, 25.926022], [-97.537546, 25.926775], [-97.537338, 25.927066], [-97.537145, 25.927396], [-97.53701, 25.927767], [-97.536977, 25.928191], [-97.536896, 25.929053], [-97.536934, 25.92973], [-97.536888, 25.930022], [-97.536935, 25.930342], [-97.537108, 25.930589], [-97.537219, 25.930754], [-97.537556, 25.930876], [-97.538011, 25.930799], [-97.53844, 25.930417], [-97.538918, 25.929465], [-97.539135, 25.928972], [-97.539375, 25.928502], [-97.539693, 25.927958], [-97.540025, 25.927402], [-97.540265, 25.927012], [-97.540595, 25.926442], [-97.541048, 25.925725], [-97.541463, 25.92517], [-97.541834, 25.924695], [-97.542087, 25.924312], [-97.542428, 25.923876], [-97.542753, 25.9236], [-97.543224, 25.923444], [-97.543709, 25.923381], [-97.544251, 25.923491], [-97.544674, 25.923719], [-97.545023, 25.92408], [-97.545254, 25.924599], [-97.545365, 25.925202], [-97.545395, 25.925812], [-97.545342, 25.926378], [-97.545345, 25.926842], [-97.545215, 25.927772], [-97.545165, 25.928532], [-97.545275, 25.929212], [-97.545265, 25.930102], [-97.545295, 25.931042], [-97.545313, 25.931592], [-97.545395, 25.932152], [-97.545505, 25.932692], [-97.545666, 25.933187], [-97.545999, 25.933813], [-97.546245, 25.934202], [-97.546506, 25.93456], [-97.546905, 25.934922], [-97.547484, 25.93523], [-97.54804, 25.935393], [-97.548698, 25.935663], [-97.549458, 25.936053], [-97.549999, 25.936335], [-97.550657, 25.936578], [-97.551462, 25.936863], [-97.55215, 25.93708], [-97.55278, 25.93723], [-97.553395, 25.937327], [-97.554055, 25.937331], [-97.554862, 25.937403], [-97.555597, 25.937289], [-97.556127, 25.937014], [-97.556541, 25.936645], [-97.556956, 25.936223], [-97.557237, 25.935907], [-97.557549, 25.935444], [-97.557921, 25.93485], [-97.558144, 25.934493], [-97.558413, 25.933924], [-97.558578, 25.933501], [-97.558826, 25.933084], [-97.558875, 25.933002], [-97.559065, 25.932502], [-97.559225, 25.932002], [-97.559391, 25.931025], [-97.559447, 25.930432], [-97.55943, 25.92987], [-97.559333, 25.929113], [-97.559251, 25.928436], [-97.559215, 25.927612], [-97.55921, 25.927206], [-97.559323, 25.926831], [-97.559464, 25.926558], [-97.559776, 25.926148], [-97.56013, 25.925938], [-97.560475, 25.92583], [-97.56088, 25.925771], [-97.561541, 25.925656], [-97.562223, 25.925616], [-97.562341, 25.925617], [-97.563279, 25.925677], [-97.563829, 25.925724], [-97.564368, 25.925823], [-97.564934, 25.926046], [-97.565709, 25.926436], [-97.5662, 25.92655], [-97.566748, 25.926801], [-97.567559, 25.927249], [-97.567974, 25.927619], [-97.568155, 25.92793], [-97.568091, 25.928468], [-97.567889, 25.928985], [-97.567662, 25.929366], [-97.567629, 25.929439], [-97.567022, 25.930058], [-97.566564, 25.930506], [-97.566178, 25.931013], [-97.566014, 25.931299], [-97.565848, 25.931683], [-97.565801, 25.932318], [-97.5659, 25.932718], [-97.566095, 25.933113], [-97.566568, 25.933505], [-97.567124, 25.933788], [-97.56768, 25.933927], [-97.568223, 25.933994], [-97.568956, 25.934079], [-97.56963, 25.934189], [-97.570393, 25.934234], [-97.571214, 25.934306], [-97.571829, 25.93443], [-97.572558, 25.934573], [-97.573538, 25.935053], [-97.574069, 25.935094], [-97.574568, 25.935133], [-97.575068, 25.935048], [-97.57545, 25.934984], [-97.575966, 25.934709], [-97.57654, 25.934421], [-97.577085, 25.934159], [-97.577601, 25.93395], [-97.57819, 25.933715], [-97.578828, 25.933433], [-97.579348, 25.933143], [-97.580032, 25.932772], [-97.580811, 25.932578], [-97.581589, 25.93253], [-97.582338, 25.932683], [-97.582928, 25.933013], [-97.583368, 25.933423], [-97.583638, 25.933833], [-97.583866, 25.934138], [-97.584039, 25.934417], [-97.584111, 25.934683], [-97.584088, 25.934953], [-97.583998, 25.935553], [-97.583836, 25.935995], [-97.583656, 25.936432], [-97.583387, 25.937027], [-97.583194, 25.937411], [-97.583015, 25.937715], [-97.582691, 25.938108], [-97.58243, 25.93837], [-97.58209, 25.93862], [-97.58156, 25.938922], [-97.580985, 25.939157], [-97.580161, 25.939483], [-97.579278, 25.939796], [-97.578688, 25.94011], [-97.577951, 25.940556], [-97.577346, 25.940924], [-97.576653, 25.941318], [-97.575783, 25.941816], [-97.574861, 25.942328], [-97.573985, 25.94276], [-97.573161, 25.943118], [-97.572513, 25.943334], [-97.571939, 25.943449], [-97.571323, 25.943498], [-97.570771, 25.943548], [-97.570397, 25.943625], [-97.569971, 25.943662], [-97.569575, 25.943659], [-97.569178, 25.943683], [-97.568782, 25.943707], [-97.568488, 25.943798], [-97.568164, 25.943902], [-97.567649, 25.944084], [-97.567207, 25.944227], [-97.566927, 25.944371], [-97.566661, 25.944548], [-97.566251, 25.944938], [-97.566084, 25.945162], [-97.566001, 25.945398], [-97.565888, 25.945758], [-97.565915, 25.946129], [-97.565882, 25.946593], [-97.56585, 25.946912], [-97.565851, 25.947508], [-97.565868, 25.947975], [-97.565881, 25.948198], [-97.566151, 25.948838], [-97.566421, 25.949448], [-97.566781, 25.950238], [-97.567091, 25.950928], [-97.567497, 25.951806], [-97.567874, 25.952432], [-97.568201, 25.952738], [-97.568581, 25.952968], [-97.569381, 25.953228], [-97.570156, 25.953376], [-97.571182, 25.953542], [-97.572501, 25.953758], [-97.573278, 25.953901], [-97.573703, 25.954037], [-97.574111, 25.954098], [-97.574491, 25.953968], [-97.574631, 25.953645], [-97.574581, 25.953068], [-97.574381, 25.952478], [-97.574131, 25.951943], [-97.57387, 25.95149], [-97.57361, 25.950931], [-97.573365, 25.950385], [-97.573135, 25.9498], [-97.572935, 25.949162], [-97.572771, 25.948618], [-97.572661, 25.947868], [-97.572671, 25.947148], [-97.572801, 25.946458], [-97.573001, 25.945788], [-97.573241, 25.945298], [-97.573501, 25.944768], [-97.573821, 25.944288], [-97.574161, 25.943928], [-97.574522, 25.943559], [-97.574861, 25.94327], [-97.575083, 25.943085], [-97.575291, 25.942948], [-97.575658, 25.942744], [-97.576085, 25.942574], [-97.576468, 25.942444], [-97.57688, 25.942314], [-97.577439, 25.942172], [-97.577718, 25.942107], [-97.577997, 25.942096], [-97.57829, 25.942151], [-97.578551, 25.942258], [-97.578903, 25.942566], [-97.579141, 25.942878], [-97.579571, 25.943588], [-97.579813, 25.944351], [-97.580061, 25.945468], [-97.580211, 25.946148], [-97.580316, 25.946783], [-97.580378, 25.947128], [-97.580432, 25.947712], [-97.580501, 25.948298], [-97.580621, 25.949308], [-97.580911, 25.950157], [-97.581221, 25.950838], [-97.581635, 25.951462], [-97.581991, 25.951998], [-97.582301, 25.952558], [-97.582504, 25.95294], [-97.582631, 25.953268], [-97.582851, 25.953988], [-97.583034, 25.954563], [-97.583119, 25.954868], [-97.583131, 25.955118], [-97.583159, 25.955439], [-97.583127, 25.955691], [-97.58302, 25.956235], [-97.582861, 25.956838], [-97.582691, 25.957388], [-97.582551, 25.957968], [-97.582411, 25.958388], [-97.582206, 25.958936], [-97.581982, 25.959412], [-97.581761, 25.959998], [-97.581637, 25.960339], [-97.581576, 25.960644], [-97.581559, 25.960869], [-97.581581, 25.961108], [-97.581651, 25.961538], [-97.581722, 25.961774], [-97.581858, 25.962079], [-97.582101, 25.962428], [-97.582514, 25.962627], [-97.582851, 25.962629], [-97.583234, 25.962539], [-97.583778, 25.96237], [-97.584441, 25.962122], [-97.585074, 25.961861], [-97.585821, 25.961648], [-97.586771, 25.961438], [-97.587401, 25.961358], [-97.587921, 25.961348], [-97.588391, 25.961388], [-97.588865, 25.961435], [-97.589378, 25.961531], [-97.589941, 25.961708], [-97.590637, 25.961871], [-97.591297, 25.961955], [-97.591928, 25.961959], [-97.592677, 25.961911], [-97.59325, 25.961848], [-97.593821, 25.961738], [-97.594575, 25.961406], [-97.595269, 25.960919], [-97.595542, 25.960663], [-97.595781, 25.960378], [-97.596181, 25.959888], [-97.596541, 25.959388], [-97.596901, 25.958808], [-97.597111, 25.958278], [-97.597301, 25.957778], [-97.597453, 25.95751], [-97.597661, 25.957228], [-97.598111, 25.956928], [-97.598771, 25.956708], [-97.599531, 25.956578], [-97.600181, 25.956628], [-97.600542, 25.95668], [-97.600879, 25.956762], [-97.601172, 25.95687], [-97.601461, 25.956978], [-97.601891, 25.957178], [-97.602271, 25.957638], [-97.602581, 25.958188], [-97.602851, 25.958628], [-97.603201, 25.959238], [-97.603551, 25.959778], [-97.603871, 25.960278], [-97.604191, 25.960808], [-97.604491, 25.961258], [-97.604921, 25.961688], [-97.605281, 25.961968], [-97.605812, 25.962261], [-97.606341, 25.962528], [-97.607055, 25.962853], [-97.607684, 25.963215], [-97.608384, 25.96375], [-97.60888, 25.964178], [-97.609331, 25.964672], [-97.609607, 25.965032], [-97.610016, 25.965353], [-97.610278, 25.965607], [-97.61051, 25.965927], [-97.610611, 25.966193], [-97.610651, 25.966438], [-97.610607, 25.966697], [-97.610491, 25.966978], [-97.609961, 25.967758], [-97.609522, 25.968349], [-97.609211, 25.968758], [-97.608841, 25.969258], [-97.608521, 25.969728], [-97.608271, 25.970248], [-97.608065, 25.970728], [-97.607941, 25.971138], [-97.607793, 25.971788], [-97.6077, 25.972331], [-97.607637, 25.972915], [-97.607647, 25.973499], [-97.607672, 25.974043], [-97.607622, 25.974812], [-97.607451, 25.975808], [-97.607531, 25.976288], [-97.607784, 25.976711], [-97.608163, 25.977058], [-97.608449, 25.977236], [-97.608621, 25.977328], [-97.609251, 25.977598], [-97.60989, 25.977733], [-97.610491, 25.977763], [-97.611131, 25.977748], [-97.611795, 25.977804], [-97.612841, 25.977878], [-97.613811, 25.978048], [-97.614401, 25.978178], [-97.615211, 25.978398], [-97.615671, 25.978588], [-97.616161, 25.978818], [-97.616601, 25.979158], [-97.617381, 25.979858], [-97.617791, 25.980358], [-97.618263, 25.980798], [-97.618554, 25.981238], [-97.618851, 25.981987], [-97.618951, 25.982238], [-97.619221, 25.982898], [-97.619431, 25.983408], [-97.619761, 25.984008], [-97.619983, 25.984352], [-97.620131, 25.984658], [-97.620242, 25.98499], [-97.620271, 25.985238], [-97.620297, 25.985561], [-97.620236, 25.985853], [-97.620193, 25.985955], [-97.620041, 25.986316], [-97.619743, 25.986858], [-97.619652, 25.987256], [-97.619781, 25.987728], [-97.620057, 25.988134], [-97.620669, 25.988655], [-97.621641, 25.989188], [-97.62241, 25.989489], [-97.623141, 25.989628], [-97.623781, 25.989598], [-97.62451, 25.989476], [-97.624996, 25.98928], [-97.625438, 25.989097], [-97.625997, 25.988914], [-97.626468, 25.988785], [-97.627056, 25.988629], [-97.627681, 25.988488], [-97.628145, 25.988357], [-97.628867, 25.988167], [-97.629431, 25.988023], [-97.629772, 25.987998], [-97.630181, 25.987978], [-97.630911, 25.987998], [-97.631447, 25.988035], [-97.632054, 25.988146], [-97.632689, 25.988365], [-97.633324, 25.988703], [-97.633751, 25.989028], [-97.634031, 25.989324], [-97.634295, 25.989687], [-97.634557, 25.990372], [-97.634611, 25.991002], [-97.634441, 25.991858], [-97.634259, 25.992447], [-97.634062, 25.992968], [-97.633807, 25.993489], [-97.633191, 25.994748], [-97.632799, 25.995344], [-97.632391, 25.995808], [-97.631791, 25.996228], [-97.631057, 25.996459], [-97.630463, 25.996522], [-97.629826, 25.996478], [-97.628998, 25.996272], [-97.628051, 25.995998], [-97.627351, 25.995728], [-97.626561, 25.995468], [-97.626051, 25.995318], [-97.625539, 25.995004], [-97.625229, 25.994735], [-97.624951, 25.994475], [-97.624744, 25.994236], [-97.624582, 25.993991], [-97.624481, 25.993838], [-97.624233, 25.993268], [-97.624059, 25.992758], [-97.624001, 25.99253], [-97.623973, 25.992289], [-97.623827, 25.992047], [-97.623591, 25.991818], [-97.623161, 25.991568], [-97.622764, 25.991477], [-97.622334, 25.991501], [-97.621874, 25.991606], [-97.621241, 25.991838], [-97.620731, 25.992088], [-97.619981, 25.992648], [-97.619531, 25.993178], [-97.619101, 25.993698], [-97.618721, 25.994328], [-97.61856, 25.994652], [-97.618431, 25.995068], [-97.618284, 25.995763], [-97.618031, 25.996998], [-97.617961, 25.997418], [-97.617895, 25.998171], [-97.617841, 25.998918], [-97.617601, 25.999778], [-97.61757, 26.000005], [-97.617581, 26.000288], [-97.617652, 26.000822], [-97.617811, 26.001332], [-97.618001, 26.001735], [-97.618294, 26.002206], [-97.618602, 26.002663], [-97.618822, 26.002866], [-97.619058, 26.003028], [-97.61937, 26.00303], [-97.619682, 26.002911], [-97.619876, 26.002779], [-97.620021, 26.002608], [-97.620175, 26.002392], [-97.620251, 26.002168], [-97.620471, 26.001578], [-97.620651, 26.001138], [-97.62078, 26.000788], [-97.620932, 26.000347], [-97.621098, 26.0], [-97.621204, 25.999733], [-97.621429, 25.999346], [-97.621761, 25.998808], [-97.622149, 25.998265], [-97.622491, 25.997908], [-97.622861, 25.997578], [-97.623171, 25.997298], [-97.623938, 25.996856], [-97.62434, 25.996685], [-97.624622, 25.996593], [-97.62489, 25.996514], [-97.625216, 25.996449], [-97.625631, 25.996438], [-97.626032, 25.996428], [-97.626535, 25.996471], [-97.626994, 25.996541], [-97.627424, 25.996624], [-97.627837, 25.996787], [-97.628121, 25.997058], [-97.628331, 25.997348], [-97.628394, 25.997635], [-97.628341, 25.997908], [-97.628136, 25.998504], [-97.627939, 25.998998], [-97.627743, 25.999426], [-97.627581, 25.999848], [-97.627515, 25.999989], [-97.627381, 26.000278], [-97.627211, 26.000638], [-97.627035, 26.000975], [-97.626854, 26.001269], [-97.626711, 26.001588], [-97.626462, 26.002244], [-97.626331, 26.002708], [-97.626241, 26.003278], [-97.626256, 26.003931], [-97.626231, 26.004238], [-97.626161, 26.004694], [-97.626191, 26.005038], [-97.626377, 26.005579], [-97.626759, 26.00601], [-97.627291, 26.006228], [-97.627957, 26.006366], [-97.628595, 26.00629], [-97.629145, 26.006065], [-97.629681, 26.005827], [-97.630261, 26.005398], [-97.630691, 26.004958], [-97.631159, 26.00447], [-97.631473, 26.004057], [-97.631683, 26.003764], [-97.631871, 26.003328], [-97.631853, 26.002773], [-97.631783, 26.002264], [-97.631755, 26.002036], [-97.631802, 26.001782], [-97.631907, 26.001581], [-97.632042, 26.001328], [-97.632381, 26.001018], [-97.632971, 26.000688], [-97.633501, 26.000478], [-97.633861, 26.000348], [-97.634471, 26.000068], [-97.634987, 25.99999], [-97.635008, 25.99999], [-97.635471, 26.000128], [-97.635931, 26.000388], [-97.636611, 26.000908], [-97.637191, 26.001388], [-97.637791, 26.001878], [-97.638305, 26.002371], [-97.638687, 26.002775], [-97.639081, 26.003218], [-97.639471, 26.003748], [-97.639781, 26.004068], [-97.640275, 26.004553], [-97.640691, 26.004808], [-97.641293, 26.005163], [-97.641913, 26.005461], [-97.642564, 26.005706], [-97.643271, 26.006018], [-97.644086, 26.006332], [-97.644914, 26.006645], [-97.645981, 26.007158], [-97.646571, 26.007518], [-97.647025, 26.00781], [-97.647351, 26.008058], [-97.647671, 26.008388], [-97.648129, 26.008915], [-97.648411, 26.009327], [-97.648885, 26.010054], [-97.649191, 26.010518], [-97.649375, 26.010825], [-97.649471, 26.011138], [-97.649471, 26.011736], [-97.649275, 26.012271], [-97.648827, 26.012617], [-97.648323, 26.012721], [-97.647801, 26.012768], [-97.647344, 26.012768], [-97.646811, 26.012698], [-97.646233, 26.012587], [-97.645251, 26.012368], [-97.644502, 26.012175], [-97.643741, 26.011968], [-97.642844, 26.01179], [-97.642041, 26.011738], [-97.641466, 26.011754], [-97.640887, 26.011804], [-97.640397, 26.011895], [-97.639996, 26.012], [-97.639401, 26.012237], [-97.638861, 26.012638], [-97.638417, 26.012995], [-97.638121, 26.01332], [-97.638051, 26.013398], [-97.637561, 26.014008], [-97.637261, 26.014458], [-97.637001, 26.014918], [-97.636811, 26.015318], [-97.636661, 26.015851], [-97.636601, 26.016368], [-97.636578, 26.017056], [-97.636646, 26.01786], [-97.636831, 26.018738], [-97.637021, 26.019498], [-97.637151, 26.020038], [-97.637331, 26.020578], [-97.637541, 26.021038], [-97.637841, 26.021518], [-97.638441, 26.022438], [-97.638993, 26.023152], [-97.639581, 26.023718], [-97.640351, 26.024448], [-97.640781, 26.024808], [-97.641131, 26.025128], [-97.641452, 26.025405], [-97.641881, 26.025678], [-97.642311, 26.025918], [-97.642921, 26.026328], [-97.643651, 26.026808], [-97.64402, 26.027001], [-97.644271, 26.027177], [-97.644467, 26.027335], [-97.644621, 26.027468], [-97.644756, 26.027649], [-97.644811, 26.027778], [-97.645071, 26.027858], [-97.645461, 26.027828], [-97.645913, 26.027642], [-97.646221, 26.027438], [-97.646613, 26.027178], [-97.647021, 26.026798], [-97.647172, 26.026698], [-97.647501, 26.026478], [-97.647941, 26.026141], [-97.648381, 26.025698], [-97.648781, 26.025348], [-97.649076, 26.02505], [-97.649341, 26.024848], [-97.649628, 26.024571], [-97.649749, 26.024476], [-97.649851, 26.024398], [-97.650101, 26.024138], [-97.650431, 26.023608], [-97.650631, 26.023038], [-97.65074, 26.022595], [-97.650802, 26.02214], [-97.65085, 26.021752], [-97.650981, 26.020958], [-97.650901, 26.020348], [-97.650745, 26.019929], [-97.650481, 26.019448], [-97.650201, 26.018978], [-97.650011, 26.018388], [-97.650002, 26.018076], [-97.650124, 26.017648], [-97.65029, 26.017287], [-97.650491, 26.016938], [-97.650711, 26.016473], [-97.650931, 26.016158], [-97.651201, 26.015948], [-97.651541, 26.015858], [-97.651861, 26.015898], [-97.652181, 26.016028], [-97.652601, 26.016308], [-97.652951, 26.016648], [-97.653371, 26.017128], [-97.653761, 26.017658], [-97.654053, 26.017965], [-97.654381, 26.018308], [-97.655112, 26.018857], [-97.655631, 26.019138], [-97.65619, 26.019426], [-97.656941, 26.019728], [-97.657571, 26.019948], [-97.658241, 26.020108], [-97.65863, 26.020191], [-97.658986, 26.020233], [-97.65949, 26.020263], [-97.660021, 26.020218], [-97.660528, 26.020136], [-97.661181, 26.019958], [-97.66191, 26.019796], [-97.662851, 26.019568], [-97.663451, 26.019428], [-97.664041, 26.019278], [-97.664561, 26.019188], [-97.665059, 26.019109], [-97.665631, 26.019018], [-97.666245, 26.01899], [-97.666734, 26.019021], [-97.667401, 26.019078], [-97.667727, 26.01912], [-97.667941, 26.019258], [-97.668081, 26.019508], [-97.668161, 26.020078], [-97.668091, 26.020578], [-97.667961, 26.021188], [-97.667821, 26.021818], [-97.667811, 26.022598], [-97.667741, 26.023328], [-97.6677, 26.023592], [-97.667603, 26.023889], [-97.667351, 26.024408], [-97.667131, 26.024774], [-97.666881, 26.025098], [-97.666451, 26.025588], [-97.666021, 26.025968], [-97.665491, 26.026288], [-97.664571, 26.026798], [-97.663611, 26.027378], [-97.663071, 26.027748], [-97.66253, 26.028172], [-97.662097, 26.028584], [-97.661798, 26.028904], [-97.661481, 26.029348], [-97.661214, 26.029758], [-97.661021, 26.030128], [-97.660732, 26.030773], [-97.660491, 26.031478], [-97.660352, 26.032043], [-97.660335, 26.032271], [-97.660281, 26.032548], [-97.660284, 26.033155], [-97.660411, 26.033758], [-97.660633, 26.034162], [-97.660941, 26.034646], [-97.661218, 26.03517], [-97.661437, 26.035747], [-97.661698, 26.036526], [-97.661971, 26.037118], [-97.662231, 26.037698], [-97.662384, 26.03795], [-97.662561, 26.038112], [-97.662931, 26.038194], [-97.663214, 26.038089], [-97.663441, 26.037958], [-97.663751, 26.037608], [-97.663961, 26.037303], [-97.664067, 26.036928], [-97.664084, 26.036647], [-97.664111, 26.036068], [-97.664111, 26.035518], [-97.664061, 26.034768], [-97.664001, 26.034138], [-97.664001, 26.033478], [-97.664067, 26.03295], [-97.664131, 26.032588], [-97.664211, 26.032228], [-97.664314, 26.031884], [-97.664442, 26.031522], [-97.664631, 26.031128], [-97.664907, 26.030696], [-97.665213, 26.030398], [-97.665556, 26.030105], [-97.665824, 26.029946], [-97.666151, 26.029738], [-97.666501, 26.029528], [-97.667061, 26.029096], [-97.667537, 26.028831], [-97.667773, 26.02876], [-97.668042, 26.02874], [-97.66843, 26.028829], [-97.668691, 26.028992], [-97.668928, 26.029228], [-97.669121, 26.029578], [-97.669381, 26.030128], [-97.669491, 26.030648], [-97.669671, 26.031438], [-97.669914, 26.032235], [-97.670061, 26.032778], [-97.670277, 26.033295], [-97.670621, 26.033758], [-97.670954, 26.034036], [-97.671427, 26.034173], [-97.671568, 26.03418], [-97.671921, 26.034198], [-97.672541, 26.034098], [-97.673051, 26.033938], [-97.673671, 26.033638], [-97.674231, 26.033318], [-97.674743, 26.03296], [-97.675221, 26.032468], [-97.67558, 26.032054], [-97.675925, 26.03148], [-97.676106, 26.031052], [-97.676134, 26.030896], [-97.676221, 26.030408], [-97.676232, 26.030048], [-97.67613, 26.02974], [-97.67588, 26.029537], [-97.67557, 26.029334], [-97.675191, 26.029178], [-97.674591, 26.028938], [-97.673701, 26.028628], [-97.673441, 26.028438], [-97.673324, 26.028209], [-97.673282, 26.027861], [-97.673434, 26.027433], [-97.673568, 26.02709], [-97.673764, 26.026819], [-97.674033, 26.026526], [-97.674495, 26.026207], [-97.675021, 26.026038], [-97.675536, 26.025914], [-97.676173, 26.025935], [-97.67684, 26.025966], [-97.677581, 26.026011], [-97.678099, 26.02604], [-97.678767, 26.025951], [-97.679231, 26.025918], [-97.679605, 26.025913], [-97.680102, 26.025905], [-97.680872, 26.025976], [-97.681702, 26.026075], [-97.682813, 26.026215], [-97.683741, 26.026348], [-97.684502, 26.026466], [-97.685374, 26.026739], [-97.686051, 26.026992], [-97.686766, 26.027109], [-97.687376, 26.027277], [-97.687684, 26.027413], [-97.688037, 26.027626], [-97.688612, 26.028098], [-97.689181, 26.028768], [-97.689541, 26.029178], [-97.689847, 26.029538], [-97.690464, 26.030346], [-97.690905, 26.030857], [-97.691266, 26.031307], [-97.691685, 26.0318], [-97.69215, 26.03237], [-97.692343, 26.032497], [-97.692445, 26.032559], [-97.692687, 26.032616], [-97.692874, 26.032617], [-97.693197, 26.032512], [-97.693426, 26.032339], [-97.693638, 26.032076], [-97.693748, 26.031902], [-97.693923, 26.031464], [-97.694014, 26.030941], [-97.694024, 26.030683], [-97.694051, 26.030334], [-97.694065, 26.029796], [-97.694018, 26.029174], [-97.693983, 26.028804], [-97.69394, 26.028489], [-97.693786, 26.027782], [-97.693624, 26.027069], [-97.693494, 26.02652], [-97.693233, 26.026039], [-97.693019, 26.025605], [-97.692723, 26.025059], [-97.692539, 26.024766], [-97.692265, 26.024479], [-97.691745, 26.024109], [-97.691425, 26.023901], [-97.69102, 26.023608], [-97.690666, 26.02333], [-97.690329, 26.022945], [-97.690064, 26.022581], [-97.689985, 26.022282], [-97.689958, 26.021919], [-97.690036, 26.021426], [-97.690195, 26.02099], [-97.690343, 26.020684], [-97.690408, 26.020405], [-97.690463, 26.020078], [-97.690529, 26.019689], [-97.690646, 26.019383], [-97.690751, 26.019198], [-97.69098, 26.019023], [-97.691238, 26.018923], [-97.691546, 26.018858], [-97.692089, 26.018877], [-97.69241, 26.01894], [-97.692681, 26.019064], [-97.692985, 26.01925], [-97.693187, 26.01945], [-97.693642, 26.019959], [-97.694012, 26.020436], [-97.694381, 26.021036], [-97.694799, 26.021821], [-97.694996, 26.022039], [-97.695292, 26.022265], [-97.695677, 26.0225], [-97.696117, 26.022702], [-97.696455, 26.022903], [-97.697012, 26.023259], [-97.697415, 26.023649], [-97.697668, 26.024029], [-97.697751, 26.024352], [-97.697833, 26.024797], [-97.697867, 26.02523], [-97.697893, 26.02564], [-97.697905, 26.026229], [-97.697798, 26.026841], [-97.697679, 26.027277], [-97.697541, 26.027667], [-97.697307, 26.028373], [-97.697133, 26.029144], [-97.697107, 26.029637], [-97.697116, 26.030143], [-97.69713, 26.030634], [-97.697196, 26.030895], [-97.697313, 26.031064], [-97.697567, 26.031173], [-97.697889, 26.031221], [-97.698211, 26.031228], [-97.698636, 26.03121], [-97.699127, 26.03116], [-97.699234, 26.031147], [-97.699475, 26.031119], [-97.700475, 26.030949], [-97.701265, 26.030809], [-97.701643, 26.030767], [-97.701965, 26.030799], [-97.702252, 26.030924], [-97.702505, 26.031099], [-97.702809, 26.031356], [-97.703072, 26.031739], [-97.703323, 26.032356], [-97.703522, 26.033], [-97.703676, 26.033645], [-97.703785, 26.034343], [-97.703894, 26.034763], [-97.704022, 26.035073], [-97.704185, 26.035419], [-97.704365, 26.035779], [-97.704705, 26.036249], [-97.705025, 26.036619], [-97.70563, 26.037125], [-97.706145, 26.037409], [-97.706558, 26.037598], [-97.706705, 26.037669], [-97.707245, 26.037839], [-97.707535, 26.037779], [-97.707855, 26.037529], [-97.708135, 26.037209], [-97.708415, 26.036859], [-97.708605, 26.036509], [-97.708838, 26.035971], [-97.708955, 26.035628], [-97.709104, 26.035173], [-97.709244, 26.034671], [-97.709373, 26.034151], [-97.709493, 26.033528], [-97.709547, 26.032894], [-97.709465, 26.032336], [-97.709389, 26.031749], [-97.709375, 26.031139], [-97.709329, 26.030678], [-97.709283, 26.030165], [-97.709196, 26.029652], [-97.709179, 26.029308], [-97.709203, 26.028973], [-97.709292, 26.028618], [-97.709375, 26.02836], [-97.709502, 26.028007], [-97.709589, 26.027635], [-97.709585, 26.027259], [-97.709382, 26.02679], [-97.709349, 26.02669], [-97.709321, 26.026554], [-97.70934, 26.026381], [-97.709446, 26.02622], [-97.709645, 26.02608], [-97.710093, 26.025932], [-97.710308, 26.025887], [-97.710905, 26.025799], [-97.711689, 26.025719], [-97.712402, 26.025723], [-97.712978, 26.025742], [-97.713575, 26.025689], [-97.71415, 26.025564], [-97.714694, 26.025475], [-97.714894, 26.02539], [-97.715085, 26.025309], [-97.715613, 26.025082], [-97.716175, 26.024824], [-97.716675, 26.024569], [-97.717298, 26.024263], [-97.717809, 26.024036], [-97.718425, 26.023809], [-97.719045, 26.023599], [-97.719201, 26.02353], [-97.719391, 26.023447], [-97.719765, 26.023357], [-97.720223, 26.023299], [-97.720682, 26.023255], [-97.721174, 26.023289], [-97.721393, 26.023412], [-97.721504, 26.02365], [-97.72154, 26.023923], [-97.721435, 26.024327], [-97.721261, 26.024667], [-97.721214, 26.024758], [-97.72072, 26.025403], [-97.719962, 26.02613], [-97.719415, 26.026662], [-97.719201, 26.026914], [-97.718938, 26.027224], [-97.718655, 26.027612], [-97.718442, 26.028002], [-97.7183, 26.028343], [-97.718202, 26.028747], [-97.718206, 26.02911], [-97.718279, 26.029488], [-97.718384, 26.029782], [-97.718566, 26.030112], [-97.718902, 26.030497], [-97.719155, 26.030713], [-97.719201, 26.030747], [-97.719393, 26.030887], [-97.719729, 26.031084], [-97.72, 26.031208], [-97.720424, 26.031301], [-97.721017, 26.031352], [-97.721577, 26.03137], [-97.722163, 26.031338], [-97.722743, 26.031315], [-97.723091, 26.031283], [-97.723424, 26.03123], [-97.724039, 26.031046], [-97.724566, 26.030927], [-97.725059, 26.030883], [-97.725655, 26.030879], [-97.726518, 26.030876], [-97.726942, 26.030909], [-97.727298, 26.030972], [-97.727959, 26.031022], [-97.728638, 26.031103], [-97.729349, 26.031244], [-97.730196, 26.03154], [-97.730907, 26.031744], [-97.731619, 26.031855], [-97.732125, 26.031909], [-97.732795, 26.031879], [-97.733335, 26.031849], [-97.733706, 26.031851], [-97.734096, 26.03193], [-97.734536, 26.032085], [-97.734782, 26.032106], [-97.734984, 26.032066], [-97.735178, 26.031977], [-97.735326, 26.031824], [-97.735436, 26.031672], [-97.7355, 26.031456], [-97.735518, 26.031246], [-97.735476, 26.030876], [-97.735424, 26.030603], [-97.735282, 26.030155], [-97.735162, 26.029798], [-97.735004, 26.029426], [-97.734899, 26.029181], [-97.73487, 26.028985], [-97.734824, 26.028748], [-97.735112, 26.028484], [-97.735071, 26.028355], [-97.734233, 26.027825], [-97.733134, 26.027397], [-97.7326, 26.027313], [-97.731914, 26.027474], [-97.73127, 26.027655], [-97.730174, 26.028012], [-97.72935, 26.028095], [-97.72848, 26.02808], [-97.727702, 26.027985], [-97.726924, 26.027622], [-97.726268, 26.027313], [-97.72607, 26.027155], [-97.72581, 26.026863], [-97.725551, 26.026551], [-97.725429, 26.026158], [-97.725368, 26.025704], [-97.725307, 26.025295], [-97.725276, 26.02488], [-97.725383, 26.024427], [-97.725444, 26.024125], [-97.725627, 26.023778], [-97.725719, 26.023496], [-97.725978, 26.023088], [-97.72647, 26.022656], [-97.727016, 26.022668], [-97.727595, 26.022798], [-97.728145, 26.022924], [-97.728984, 26.02305], [-97.729701, 26.023191], [-97.7308, 26.023408], [-97.7317, 26.023313], [-97.732341, 26.023095], [-97.732814, 26.022863], [-97.733958, 26.022558], [-97.734432, 26.022313], [-97.734829, 26.022001], [-97.735745, 26.021611], [-97.736187, 26.021501], [-97.737103, 26.021493], [-97.737805, 26.021619], [-97.737971, 26.021756], [-97.738217, 26.021982], [-97.738232, 26.022882], [-97.737957, 26.023919], [-97.73756, 26.024659], [-97.737471, 26.024856], [-97.737087, 26.025315], [-97.736401, 26.026161], [-97.736187, 26.02681], [-97.73608, 26.027477], [-97.736126, 26.027886], [-97.736271, 26.028155], [-97.736571, 26.028355], [-97.736871, 26.028555], [-97.736988, 26.028618], [-97.737358, 26.028851], [-97.737849, 26.028946], [-97.738275, 26.029059], [-97.739222, 26.029122], [-97.73985, 26.029202], [-97.740528, 26.029313], [-97.741086, 26.029469], [-97.741814, 26.029749], [-97.742407, 26.029875], [-97.742899, 26.029893], [-97.743292, 26.029775], [-97.743615, 26.029679], [-97.744225, 26.029419], [-97.744735, 26.029059], [-97.745165, 26.028469], [-97.745411, 26.028031], [-97.745665, 26.027579], [-97.745914, 26.027216], [-97.746195, 26.026967], [-97.746561, 26.026747], [-97.746875, 26.026599], [-97.747182, 26.026459], [-97.747495, 26.026349], [-97.747861, 26.026302], [-97.748234, 26.026304], [-97.748605, 26.026381], [-97.748851, 26.026494], [-97.749074, 26.026648], [-97.749249, 26.026889], [-97.749355, 26.02712], [-97.749336, 26.027392], [-97.749217, 26.027671], [-97.749052, 26.027991], [-97.748643, 26.028671], [-97.748498, 26.029152], [-97.748479, 26.029487], [-97.748545, 26.029823], [-97.748704, 26.030152], [-97.748864, 26.030391], [-97.74907, 26.030637], [-97.749292, 26.030849], [-97.749506, 26.031032], [-97.749775, 26.031209], [-97.749985, 26.031302], [-97.750245, 26.031419], [-97.750589, 26.031496], [-97.750915, 26.031569], [-97.751304, 26.031624], [-97.751559, 26.031641], [-97.751847, 26.031658], [-97.75212, 26.031648], [-97.752384, 26.031602], [-97.752679, 26.031524], [-97.753051, 26.031391], [-97.753395, 26.031219], [-97.753752, 26.03104], [-97.754007, 26.030834], [-97.75446, 26.030384], [-97.755065, 26.029759], [-97.755757, 26.029117], [-97.756256, 26.028646], [-97.756585, 26.028319], [-97.757015, 26.027899], [-97.757585, 26.027279], [-97.757894, 26.026958], [-97.758209, 26.026679], [-97.758606, 26.026425], [-97.75906, 26.026224], [-97.759335, 26.026089], [-97.759731, 26.025932], [-97.760064, 26.02583], [-97.760475, 26.025704], [-97.760815, 26.025629], [-97.761111, 26.025629], [-97.761397, 26.025667], [-97.76179, 26.025803], [-97.762287, 26.026062], [-97.762666, 26.026299], [-97.762911, 26.026497], [-97.763179, 26.026702], [-97.76344, 26.026941], [-97.763646, 26.027159], [-97.763898, 26.02749], [-97.764033, 26.027798], [-97.764131, 26.028085], [-97.764213, 26.028328], [-97.76424, 26.028511], [-97.764237, 26.028784], [-97.764175, 26.029329], [-97.764041, 26.029819], [-97.763891, 26.030321], [-97.763793, 26.03076], [-97.763696, 26.031188], [-97.763598, 26.03168], [-97.763512, 26.032109], [-97.763432, 26.032574], [-97.763374, 26.033092], [-97.763363, 26.033668], [-97.763381, 26.03415], [-97.763338, 26.034333], [-97.763231, 26.034646], [-97.763011, 26.035111], [-97.762971, 26.035427], [-97.762987, 26.035626], [-97.763087, 26.035918], [-97.763119, 26.036164], [-97.763083, 26.036501], [-97.763116, 26.036685], [-97.76308, 26.036915], [-97.762945, 26.037514], [-97.762823, 26.038173], [-97.762735, 26.038754], [-97.762662, 26.03913], [-97.762605, 26.039534], [-97.762535, 26.039947], [-97.762481, 26.040302], [-97.762478, 26.040663], [-97.762532, 26.041009], [-97.762644, 26.041377], [-97.762842, 26.041892], [-97.763079, 26.042449], [-97.763445, 26.043219], [-97.764116, 26.044108], [-97.764544, 26.044608], [-97.764969, 26.044967], [-97.765351, 26.045297], [-97.766314, 26.046007], [-97.766582, 26.046206], [-97.76677, 26.046347], [-97.767072, 26.046738], [-97.767363, 26.047055], [-97.767665, 26.047309], [-97.767934, 26.047472], [-97.768256, 26.047535], [-97.768493, 26.047582], [-97.768755, 26.047599], [-97.769121, 26.047586], [-97.769495, 26.047511], [-97.769885, 26.047369], [-97.770505, 26.047069], [-97.771282, 26.046677], [-97.77198, 26.04639], [-97.772304, 26.046277], [-97.77249, 26.046193], [-97.773001, 26.045996], [-97.773441, 26.045851], [-97.773868, 26.04571], [-97.774463, 26.045575], [-97.774972, 26.045516], [-97.775329, 26.045502], [-97.775635, 26.045443], [-97.775808, 26.045376], [-97.775941, 26.045322], [-97.776197, 26.045154], [-97.776385, 26.044956], [-97.77659, 26.044727], [-97.77671, 26.044482], [-97.776813, 26.044238], [-97.7769, 26.043901], [-97.776987, 26.043579], [-97.777008, 26.043012], [-97.777028, 26.042568], [-97.776963, 26.042046], [-97.776848, 26.041524], [-97.776731, 26.041125], [-97.776514, 26.040664], [-97.776261, 26.040295], [-97.775958, 26.039971], [-97.775545, 26.039619], [-97.775266, 26.039385], [-97.774875, 26.039169], [-97.774539, 26.038983], [-97.774095, 26.038799], [-97.773641, 26.038656], [-97.773184, 26.038531], [-97.772425, 26.038389], [-97.771795, 26.038169], [-97.770975, 26.037739], [-97.770345, 26.037339], [-97.769815, 26.036969], [-97.769485, 26.036639], [-97.769235, 26.036199], [-97.769247, 26.035813], [-97.769317, 26.035583], [-97.76942, 26.035446], [-97.769641, 26.035278], [-97.769855, 26.035159], [-97.770203, 26.035036], [-97.770515, 26.034949], [-97.771155, 26.034839], [-97.771905, 26.034689], [-97.772463, 26.034542], [-97.772922, 26.034391], [-97.773375, 26.034199], [-97.773815, 26.034019], [-97.774335, 26.033709], [-97.774855, 26.033279], [-97.775295, 26.032849], [-97.775564, 26.032473], [-97.775736, 26.032213], [-97.775839, 26.031968], [-97.775994, 26.031678], [-97.776063, 26.031402], [-97.776116, 26.031127], [-97.776065, 26.030889], [-97.776001, 26.030559], [-97.775995, 26.030239], [-97.77609, 26.029931], [-97.776235, 26.029669], [-97.776534, 26.029427], [-97.776795, 26.029279], [-97.777146, 26.0292], [-97.777435, 26.029149], [-97.777808, 26.029204], [-97.778181, 26.029328], [-97.778552, 26.029591], [-97.778957, 26.029915], [-97.77921, 26.030223], [-97.779429, 26.030546], [-97.77973, 26.031099], [-97.779965, 26.03156], [-97.780175, 26.032209], [-97.780445, 26.032719], [-97.780787, 26.033128], [-97.781235, 26.033509], [-97.781705, 26.033799], [-97.782295, 26.034059], [-97.782901, 26.034197], [-97.783427, 26.03423], [-97.784085, 26.034149], [-97.784939, 26.033978], [-97.785772, 26.033752], [-97.786505, 26.033519], [-97.786962, 26.03339], [-97.787438, 26.033285], [-97.787947, 26.033242], [-97.788585, 26.033209], [-97.789155, 26.033249], [-97.789745, 26.033297], [-97.790321, 26.033438], [-97.790999, 26.033641], [-97.791507, 26.033812], [-97.792065, 26.034029], [-97.792353, 26.034215], [-97.792674, 26.0344], [-97.792978, 26.034601], [-97.793299, 26.034848], [-97.79362, 26.03511], [-97.794362, 26.035865], [-97.794713, 26.036298], [-97.794934, 26.03665], [-97.795112, 26.036924], [-97.795304, 26.037188], [-97.79554, 26.037496], [-97.795674, 26.037742], [-97.795876, 26.037958], [-97.796087, 26.038166], [-97.796281, 26.038358], [-97.796585, 26.038636], [-97.796855, 26.038928], [-97.797091, 26.03916], [-97.797411, 26.039544], [-97.797645, 26.040006], [-97.797779, 26.040343], [-97.797845, 26.040696], [-97.797876, 26.041126], [-97.797869, 26.041164], [-97.797908, 26.041494], [-97.79787, 26.042107], [-97.797833, 26.042567], [-97.797712, 26.043057], [-97.797515, 26.043499], [-97.797282, 26.043898], [-97.796906, 26.044371], [-97.796571, 26.044714], [-97.796359, 26.044905], [-97.796185, 26.045109], [-97.795983, 26.045347], [-97.795875, 26.045559], [-97.79576, 26.045868], [-97.795707, 26.046082], [-97.795655, 26.046342], [-97.795615, 26.046569], [-97.795567, 26.046848], [-97.795463, 26.047093], [-97.795293, 26.04726], [-97.79502, 26.047428], [-97.794629, 26.047548], [-97.794272, 26.047592], [-97.793831, 26.047605], [-97.793214, 26.047476], [-97.792713, 26.047339], [-97.792136, 26.04726], [-97.791585, 26.047229], [-97.791186, 26.047194], [-97.790755, 26.047199], [-97.790055, 26.047249], [-97.789615, 26.047359], [-97.789385, 26.047476], [-97.789185, 26.047639], [-97.789026, 26.047857], [-97.788865, 26.048079], [-97.788775, 26.048333], [-97.788675, 26.048619], [-97.788688, 26.048882], [-97.788705, 26.049199], [-97.788791, 26.049583], [-97.788962, 26.050049], [-97.78923, 26.050556], [-97.789595, 26.051039], [-97.790355, 26.051749], [-97.790681, 26.051959], [-97.790951, 26.052175], [-97.791183, 26.052379], [-97.791407, 26.052576], [-97.791644, 26.052776], [-97.791965, 26.052946], [-97.792287, 26.053071], [-97.792507, 26.053179], [-97.792761, 26.053288], [-97.793031, 26.053442], [-97.793269, 26.053398], [-97.793541, 26.053307], [-97.793745, 26.053231], [-97.793984, 26.053079], [-97.794239, 26.052943], [-97.794631, 26.052761], [-97.795115, 26.052619], [-97.795515, 26.05252], [-97.795872, 26.05243], [-97.796245, 26.05237], [-97.79667, 26.052326], [-97.797095, 26.052298], [-97.797519, 26.052346], [-97.797874, 26.05244], [-97.798332, 26.05258], [-97.798822, 26.052828], [-97.799058, 26.053074], [-97.799277, 26.053351], [-97.799462, 26.053613], [-97.79963, 26.053951], [-97.799781, 26.054335], [-97.799896, 26.054918], [-97.799943, 26.055501], [-97.799957, 26.05593], [-97.799939, 26.056206], [-97.799868, 26.056665], [-97.799883, 26.056972], [-97.799899, 26.057202], [-97.799931, 26.057478], [-97.799981, 26.057693], [-97.800046, 26.058061], [-97.800055, 26.058539], [-97.800107, 26.05915], [-97.800245, 26.059539], [-97.800409, 26.059796], [-97.800595, 26.059965], [-97.801095, 26.060239], [-97.801585, 26.060339], [-97.801933, 26.06037], [-97.802235, 26.060329], [-97.80263, 26.060267], [-97.80297, 26.060161], [-97.803565, 26.059949], [-97.803973, 26.059783], [-97.804496, 26.059561], [-97.805155, 26.059299], [-97.805743, 26.059025], [-97.806543, 26.058722], [-97.807175, 26.058479], [-97.807853, 26.058223], [-97.807922, 26.058183], [-97.808363, 26.058011], [-97.808772, 26.057768], [-97.809096, 26.057539], [-97.809352, 26.057326], [-97.809778, 26.056991], [-97.810171, 26.056579], [-97.81043, 26.056306], [-97.810845, 26.055869], [-97.811195, 26.055439], [-97.811475, 26.054939], [-97.811725, 26.054479], [-97.811925, 26.054089], [-97.812026, 26.053738], [-97.812159, 26.053354], [-97.812229, 26.052971], [-97.812335, 26.052404], [-97.812388, 26.051991], [-97.812425, 26.051546], [-97.81241, 26.051147], [-97.812412, 26.050795], [-97.812445, 26.050319], [-97.812503, 26.049845], [-97.812505, 26.0494], [-97.812417, 26.048788], [-97.812358, 26.04848], [-97.812224, 26.048188], [-97.812107, 26.047973], [-97.811938, 26.047742], [-97.811753, 26.047526], [-97.811435, 26.047309], [-97.811298, 26.047049], [-97.811147, 26.046787], [-97.811115, 26.046435], [-97.811066, 26.046159], [-97.810983, 26.045806], [-97.811019, 26.045514], [-97.811093, 26.045291], [-97.811208, 26.045055], [-97.81143, 26.044873], [-97.811651, 26.044705], [-97.811907, 26.044538], [-97.81223, 26.044386], [-97.812503, 26.044234], [-97.812945, 26.044113], [-97.813403, 26.044039], [-97.813862, 26.044026], [-97.814235, 26.044074], [-97.814535, 26.044125], [-97.814765, 26.044179], [-97.815052, 26.044266], [-97.815325, 26.044349], [-97.815607, 26.04454], [-97.815825, 26.044689], [-97.816295, 26.045269], [-97.816625, 26.045879], [-97.816705, 26.046589], [-97.816545, 26.047129], [-97.816285, 26.047679], [-97.815775, 26.048569], [-97.815465, 26.049169], [-97.815205, 26.049999], [-97.815025, 26.050819], [-97.814853, 26.051343], [-97.814731, 26.051803], [-97.814678, 26.05217], [-97.814675, 26.05263], [-97.814675, 26.053077], [-97.814772, 26.053566], [-97.814888, 26.053925], [-97.815106, 26.054334], [-97.815392, 26.054765], [-97.815696, 26.055134], [-97.816017, 26.055444], [-97.816425, 26.055769], [-97.81683, 26.056011], [-97.817195, 26.056229], [-97.817765, 26.056479], [-97.818301, 26.056588], [-97.818775, 26.056659], [-97.819335, 26.056685], [-97.819811, 26.056657], [-97.820665, 26.056559], [-97.821305, 26.056511], [-97.822052, 26.056438], [-97.822562, 26.056379], [-97.823004, 26.056335], [-97.82341, 26.056282], [-97.823915, 26.056239], [-97.824209, 26.056233], [-97.824599, 26.056266], [-97.824939, 26.056206], [-97.825265, 26.056239], [-97.825652, 26.056179], [-97.825942, 26.056027], [-97.826075, 26.055879], [-97.826193, 26.055772], [-97.8263, 26.055676], [-97.826522, 26.055386], [-97.826762, 26.055004], [-97.826936, 26.0546], [-97.827115, 26.054249], [-97.827244, 26.053918], [-97.827399, 26.053566], [-97.827526, 26.053165], [-97.827685, 26.052669], [-97.827758, 26.052421], [-97.827831, 26.052173], [-97.827951, 26.051959], [-97.828157, 26.051546], [-97.828363, 26.051194], [-97.828603, 26.050843], [-97.828791, 26.050522], [-97.828911, 26.050323], [-97.829066, 26.050094], [-97.829356, 26.049758], [-97.829553, 26.049584], [-97.829775, 26.049389], [-97.830013, 26.049206], [-97.830244, 26.049028], [-97.830482, 26.048813], [-97.83076, 26.048621], [-97.830993, 26.048463], [-97.831367, 26.048265], [-97.831725, 26.048068], [-97.832024, 26.047848], [-97.832254, 26.047641], [-97.832424, 26.047458], [-97.832476, 26.04729], [-97.832494, 26.047121], [-97.832496, 26.046891], [-97.832548, 26.046661], [-97.832586, 26.046417], [-97.832675, 26.046189], [-97.832995, 26.045899], [-97.833283, 26.045806], [-97.833545, 26.045739], [-97.833826, 26.045686], [-97.834165, 26.045734], [-97.834488, 26.045797], [-97.834826, 26.045952], [-97.835012, 26.046091], [-97.835215, 26.04623], [-97.835325, 26.046399], [-97.835484, 26.046599], [-97.835602, 26.046737], [-97.835715, 26.047009], [-97.83582, 26.04726], [-97.835885, 26.047529], [-97.835901, 26.047904], [-97.835881, 26.048348], [-97.835845, 26.048762], [-97.835875, 26.049406], [-97.835931, 26.049909], [-97.836005, 26.050339], [-97.836105, 26.050787], [-97.836285, 26.051189], [-97.836541, 26.051555], [-97.836835, 26.051839], [-97.837205, 26.052149], [-97.837402, 26.052372], [-97.837689, 26.052603], [-97.83796, 26.052773], [-97.838385, 26.052959], [-97.838751, 26.053081], [-97.839105, 26.053199], [-97.839683, 26.053349], [-97.840349, 26.053505], [-97.841005, 26.053609], [-97.841645, 26.053729], [-97.842175, 26.053739], [-97.842588, 26.053716], [-97.843114, 26.053671], [-97.843573, 26.053566], [-97.844185, 26.053419], [-97.844712, 26.053265], [-97.845409, 26.053038], [-97.846485, 26.052719], [-97.847525, 26.052469], [-97.848271, 26.052327], [-97.848945, 26.052199], [-97.849072, 26.052175], [-97.849595, 26.052079], [-97.850014, 26.052033], [-97.850456, 26.052035], [-97.850897, 26.052052], [-97.851287, 26.052085], [-97.851762, 26.052148], [-97.852185, 26.052242], [-97.852779, 26.052367], [-97.853389, 26.052524], [-97.854016, 26.05271], [-97.855065, 26.052955], [-97.855372, 26.053039], [-97.856168, 26.053196], [-97.856795, 26.053367], [-97.857168, 26.053461], [-97.857505, 26.053479], [-97.857864, 26.053464], [-97.858335, 26.053369], [-97.859105, 26.053109], [-97.859701, 26.052859], [-97.860024, 26.052738], [-97.86038, 26.052678], [-97.860587, 26.05275], [-97.860651, 26.052772], [-97.860803, 26.05291], [-97.860955, 26.053064], [-97.861107, 26.05328], [-97.861175, 26.053489], [-97.861302, 26.053865], [-97.861425, 26.054229], [-97.861507, 26.054631], [-97.861525, 26.054959], [-97.861552, 26.055535], [-97.861584, 26.055934], [-97.861614, 26.056593], [-97.861663, 26.057023], [-97.861729, 26.05736], [-97.861812, 26.057698], [-97.861895, 26.057999], [-97.862067, 26.058526], [-97.862228, 26.059095], [-97.862287, 26.059589], [-97.862325, 26.060049], [-97.862322, 26.060536], [-97.862245, 26.060929], [-97.862027, 26.061792], [-97.861872, 26.062129], [-97.8617, 26.062465], [-97.861461, 26.062755], [-97.861188, 26.063091], [-97.86083, 26.06335], [-97.860587, 26.063557], [-97.860472, 26.063655], [-97.860199, 26.063899], [-97.859959, 26.064205], [-97.859805, 26.064434], [-97.859665, 26.064679], [-97.859531, 26.064954], [-97.859455, 26.065219], [-97.859357, 26.065689], [-97.859325, 26.065999], [-97.85933, 26.066348], [-97.859385, 26.066701], [-97.85944, 26.067022], [-97.859515, 26.067259], [-97.859705, 26.067849], [-97.859825, 26.068549], [-97.860095, 26.069169], [-97.860365, 26.069559], [-97.860587, 26.069781], [-97.860725, 26.069919], [-97.861115, 26.070069], [-97.861386, 26.070144], [-97.861595, 26.070149], [-97.861791, 26.070125], [-97.861802, 26.070272], [-97.861875, 26.070855], [-97.861875, 26.071031], [-97.861875, 26.081466], [-97.861875, 26.08171], [-97.861875, 26.081945], [-97.861877, 26.08367], [-97.861876, 26.083846], [-97.861876, 26.083948], [-97.861876, 26.08419], [-97.861875, 26.084383], [-97.861875, 26.091989], [-97.861875, 26.103454], [-97.861875, 26.105506], [-97.861875, 26.107795], [-97.861875, 26.109225], [-97.861875, 26.109289], [-97.861875, 26.111979], [-97.861875, 26.112589], [-97.861875, 26.113642], [-97.861875, 26.118631], [-97.861875, 26.120295], [-97.861875, 26.121306], [-97.861875, 26.124341], [-97.861875, 26.125353], [-97.861875, 26.126259], [-97.861875, 26.128979], [-97.861875, 26.129886], [-97.861875, 26.129903], [-97.861875, 26.129954], [-97.861875, 26.129972], [-97.861875, 26.129987], [-97.861875, 26.130033], [-97.861875, 26.130049], [-97.861875, 26.130353], [-97.861862, 26.131827], [-97.861862, 26.131874], [-97.861863, 26.131977], [-97.861874, 26.135469], [-97.861875, 26.142086], [-97.861875, 26.142104], [-97.861875, 26.146446], [-97.861875, 26.149416], [-97.861876, 26.149485], [-97.861684, 26.151736], [-97.861688, 26.151956], [-97.861698, 26.152526], [-97.861705, 26.152877], [-97.861726, 26.153899], [-97.86176, 26.155462], [-97.861764, 26.155667], [-97.861782, 26.156518], [-97.861793, 26.157074], [-97.861808, 26.157775], [-97.861811, 26.157916], [-97.86182, 26.158371], [-97.861838, 26.159231], [-97.861837, 26.15948], [-97.861843, 26.159621], [-97.861846, 26.159699], [-97.861852, 26.159879], [-97.861876, 26.15989], [-97.861852, 26.159893], [-97.861876, 26.161082], [-97.861876, 26.161111], [-97.861886, 26.161551], [-97.861891, 26.161835], [-97.861943, 26.164353], [-97.86197, 26.16565], [-97.86197, 26.165669], [-97.862095, 26.17174], [-97.862097, 26.171837], [-97.861928, 26.179476], [-97.861927, 26.18139], [-97.861926, 26.186404], [-97.861925, 26.189972], [-97.861927, 26.193323], [-97.861923, 26.195827], [-97.861925, 26.197229], [-97.861922, 26.199103], [-97.861923, 26.20093], [-97.86192, 26.20419], [-97.86192, 26.204416], [-97.86192, 26.20469], [-97.861916, 26.211803], [-97.861917, 26.214272], [-97.861918, 26.215449], [-97.861919, 26.218748], [-97.861916, 26.219207], [-97.861913, 26.226264], [-97.861913, 26.226334], [-97.861912, 26.22643], [-97.861911, 26.229869], [-97.861911, 26.229984], [-97.861913, 26.230051], [-97.861911, 26.230967], [-97.861911, 26.231301], [-97.86191, 26.233605], [-97.86191, 26.234791], [-97.861908, 26.240725], [-97.861908, 26.240901], [-97.861912, 26.241037], [-97.861907, 26.244491], [-97.861906, 26.245473], [-97.861902, 26.248122], [-97.861905, 26.248706], [-97.861904, 26.251741], [-97.861903, 26.254925], [-97.861901, 26.258869], [-97.861897, 26.259014], [-97.861898, 26.271478], [-97.861895, 26.277661], [-97.861893, 26.284067], [-97.861891, 26.284472], [-97.861891, 26.290343], [-97.86189, 26.293983], [-97.861889, 26.295109], [-97.86189, 26.295358], [-97.861887, 26.302621], [-97.861885, 26.307076], [-97.861885, 26.307145], [-97.861881, 26.307617], [-97.861826, 26.310365], [-97.861793, 26.312053], [-97.861775, 26.312949], [-97.861924, 26.31632], [-97.861924, 26.316484], [-97.86189, 26.316717], [-97.86189, 26.316744], [-97.861891, 26.31681], [-97.861892, 26.316876], [-97.861892, 26.31694], [-97.861888, 26.316956], [-97.861886, 26.316994], [-97.861838, 26.317424], [-97.861854, 26.317518], [-97.86187, 26.317614], [-97.86185, 26.317685], [-97.86184, 26.317698], [-97.861842, 26.317753], [-97.861867, 26.318243], [-97.861908, 26.319034], [-97.861875, 26.319309], [-97.861887, 26.32233], [-97.861897, 26.322497], [-97.861919, 26.322823], [-97.861927, 26.322999], [-97.861935, 26.323167], [-97.861942, 26.32334], [-97.861966, 26.32386], [-97.861974, 26.324034], [-97.861976, 26.32414], [-97.861982, 26.324459], [-97.861985, 26.324566], [-97.862001, 26.325177], [-97.862049, 26.32701], [-97.862066, 26.327621], [-97.862051, 26.327702], [-97.862041, 26.327746], [-97.861951, 26.331573], [-97.861926, 26.338526], [-97.861923, 26.339364], [-97.861912, 26.342147], [-97.861912, 26.342222], [-97.861902, 26.345062], [-97.861892, 26.347869], [-97.861875, 26.348048], [-97.861875, 26.348088], [-97.861875, 26.348156], [-97.861095, 26.348042], [-97.860965, 26.348025], [-97.858484, 26.347698], [-97.857703, 26.347564], [-97.857131, 26.347466], [-97.857085, 26.347458], [-97.85695, 26.347435], [-97.856819, 26.347416], [-97.84965, 26.346356], [-97.849467, 26.34633], [-97.848511, 26.346193], [-97.84835, 26.346167], [-97.847995, 26.346111], [-97.847225, 26.345988], [-97.84628, 26.345843], [-97.845244, 26.345691], [-97.844674, 26.345615], [-97.842385, 26.345269], [-97.838996, 26.344756], [-97.838125, 26.344636], [-97.835998, 26.34431], [-97.83574, 26.344274], [-97.829438, 26.343332], [-97.829358, 26.343321], [-97.829197, 26.343304], [-97.828952, 26.34328], [-97.828754, 26.343247], [-97.8282, 26.343159], [-97.824836, 26.342664], [-97.824315, 26.342595], [-97.823679, 26.342525], [-97.823641, 26.342521], [-97.823604, 26.342505], [-97.823437, 26.342482], [-97.821183, 26.342057], [-97.82019, 26.341887], [-97.820149, 26.34188], [-97.819974, 26.341848], [-97.801113, 26.338985], [-97.798193, 26.33865], [-97.797127, 26.338383], [-97.796942, 26.338357], [-97.796466, 26.338291], [-97.795529, 26.338157], [-97.795469, 26.338149], [-97.795231, 26.338116], [-97.793949, 26.337985], [-97.793571, 26.337927], [-97.792734, 26.337796], [-97.792703, 26.337793], [-97.792552, 26.337795], [-97.792468, 26.337797], [-97.792276, 26.337767], [-97.792065, 26.337734], [-97.792019, 26.337727], [-97.79198, 26.337721], [-97.791927, 26.337713], [-97.791856, 26.337702], [-97.79165, 26.33767], [-97.791511, 26.337645], [-97.791343, 26.337622], [-97.791275, 26.337612], [-97.791256, 26.337609], [-97.791239, 26.337606], [-97.791224, 26.337604], [-97.791194, 26.337598], [-97.790334, 26.337435], [-97.789112, 26.337259], [-97.788191, 26.337126], [-97.787825, 26.337068], [-97.787314, 26.336986], [-97.786488, 26.336857], [-97.78603, 26.336793], [-97.785762, 26.336753], [-97.785401, 26.336701], [-97.784874, 26.336625], [-97.784628, 26.336604], [-97.784612, 26.336602], [-97.784557, 26.336602], [-97.78452, 26.336601], [-97.784272, 26.336549], [-97.784176, 26.33653], [-97.784016, 26.3365], [-97.78395, 26.336487], [-97.783713, 26.336443], [-97.783575, 26.336424], [-97.783527, 26.336418], [-97.783387, 26.336396], [-97.782766, 26.336298], [-97.781564, 26.336109], [-97.780491, 26.335956], [-97.780359, 26.335937], [-97.779362, 26.335795], [-97.777905, 26.335572], [-97.777492, 26.335515], [-97.777369, 26.33551], [-97.777358, 26.335507], [-97.777169, 26.335462], [-97.776933, 26.335406], [-97.776072, 26.335249], [-97.775998, 26.335257], [-97.775808, 26.335231], [-97.773994, 26.334985], [-97.773981, 26.334983], [-97.772743, 26.334798], [-97.771062, 26.334545], [-97.7693, 26.33429], [-97.768411, 26.334191], [-97.768222, 26.33417], [-97.768071, 26.334147], [-97.767218, 26.334015], [-97.75984, 26.332876], [-97.75967, 26.332849], [-97.759653, 26.332847], [-97.759532, 26.332832], [-97.759333, 26.332807], [-97.757486, 26.332576], [-97.757359, 26.33256], [-97.757271, 26.332549], [-97.757005, 26.332508], [-97.756971, 26.332503], [-97.756957, 26.332501], [-97.756935, 26.332497], [-97.751771, 26.331696], [-97.751469, 26.331655], [-97.749941, 26.331448], [-97.749557, 26.331396], [-97.749467, 26.331383], [-97.743771, 26.330544], [-97.743711, 26.330535], [-97.741999, 26.330285], [-97.739502, 26.329916], [-97.73837, 26.329749], [-97.735669, 26.329348], [-97.735214, 26.329291], [-97.730929, 26.328658], [-97.72757, 26.328164], [-97.719519, 26.32696], [-97.711459, 26.325778], [-97.707454, 26.325186], [-97.707225, 26.325152], [-97.696154, 26.323516], [-97.693209, 26.323082], [-97.693169, 26.323075], [-97.689616, 26.322562], [-97.687756, 26.322291], [-97.687631, 26.322271], [-97.687274, 26.322214], [-97.682724, 26.321542], [-97.679341, 26.321031], [-97.678813, 26.320931], [-97.677447, 26.320725], [-97.675608, 26.320442], [-97.675453, 26.320418], [-97.675302, 26.320394], [-97.674496, 26.320268], [-97.666249, 26.319093], [-97.664872, 26.318916], [-97.664847, 26.318913], [-97.664823, 26.31891], [-97.664711, 26.318894], [-97.663362, 26.318649], [-97.662219, 26.318538], [-97.662182, 26.318532], [-97.661963, 26.318499], [-97.661875, 26.318489], [-97.660887, 26.318341], [-97.659598, 26.318167], [-97.659459, 26.318154], [-97.658528, 26.318027], [-97.658214, 26.317974], [-97.657158, 26.317818], [-97.656393, 26.317721], [-97.655014, 26.317516], [-97.654634, 26.317455], [-97.653914, 26.317354], [-97.653789, 26.317337], [-97.653181, 26.317252], [-97.653029, 26.317234], [-97.652747, 26.317214], [-97.652302, 26.317165], [-97.65194, 26.317134], [-97.651382, 26.31706], [-97.649968, 26.316856], [-97.649419, 26.316772], [-97.648241, 26.316612], [-97.647823, 26.316552], [-97.647173, 26.316448], [-97.646502, 26.316349], [-97.645593, 26.316228], [-97.643444, 26.315905], [-97.643168, 26.315825], [-97.642916, 26.315776], [-97.642398, 26.315707], [-97.642176, 26.315698], [-97.641945, 26.315665], [-97.641662, 26.315613], [-97.64078, 26.315479], [-97.640544, 26.315452], [-97.640064, 26.315383], [-97.639887, 26.315354], [-97.636603, 26.314914], [-97.636359, 26.314878], [-97.635942, 26.314826], [-97.635321, 26.314741], [-97.635211, 26.314731], [-97.634607, 26.314653], [-97.634558, 26.314653], [-97.634391, 26.314635], [-97.634331, 26.314623], [-97.634264, 26.314616], [-97.634117, 26.314589], [-97.63403, 26.314577], [-97.633934, 26.314558], [-97.633609, 26.314515], [-97.631862, 26.314246], [-97.630797, 26.314098], [-97.630426, 26.314041], [-97.628697, 26.313789], [-97.628297, 26.313736], [-97.627063, 26.313557], [-97.626008, 26.313398], [-97.625351, 26.313309], [-97.625277, 26.313299], [-97.625236, 26.313293], [-97.624512, 26.313189], [-97.622593, 26.312903], [-97.621349, 26.312724], [-97.62042, 26.31259], [-97.620056, 26.312548], [-97.620031, 26.312545], [-97.619747, 26.312498], [-97.619459, 26.312459], [-97.619304, 26.312438], [-97.619165, 26.312425], [-97.618969, 26.312398], [-97.618533, 26.312338], [-97.617892, 26.312244], [-97.61643, 26.312039], [-97.615811, 26.311947], [-97.61518, 26.311858], [-97.614755, 26.311803], [-97.6128, 26.311514], [-97.612631, 26.311513], [-97.612587, 26.311513], [-97.612368, 26.311479], [-97.612297, 26.311465], [-97.612141, 26.311435], [-97.61173, 26.311376], [-97.611099, 26.311269], [-97.610469, 26.311156], [-97.609841, 26.31107], [-97.608809, 26.310909], [-97.607393, 26.310714], [-97.60658, 26.310608], [-97.606384, 26.310575], [-97.606168, 26.310554], [-97.605483, 26.310464], [-97.605355, 26.310447], [-97.60526, 26.310431], [-97.605186, 26.310419], [-97.604862, 26.310371], [-97.604747, 26.310352], [-97.6042, 26.31026], [-97.603953, 26.310224], [-97.603887, 26.310215], [-97.603619, 26.310178], [-97.603297, 26.310127], [-97.602808, 26.310065], [-97.602639, 26.310039], [-97.601939, 26.309946], [-97.60071, 26.30977], [-97.600162, 26.309688], [-97.599027, 26.309529], [-97.598679, 26.309488], [-97.598623, 26.309475], [-97.598386, 26.309441], [-97.597933, 26.309377], [-97.596948, 26.30925], [-97.596776, 26.309228], [-97.595904, 26.309102], [-97.595487, 26.309034], [-97.595066, 26.308975], [-97.594855, 26.308949], [-97.594645, 26.308918], [-97.593367, 26.308749], [-97.592722, 26.308659], [-97.591636, 26.308492], [-97.58927, 26.308163], [-97.588389, 26.308023], [-97.587817, 26.307941], [-97.587778, 26.307935], [-97.587021, 26.307826], [-97.586055, 26.307675], [-97.585771, 26.307636], [-97.585739, 26.307629], [-97.585522, 26.307604], [-97.58401, 26.307405], [-97.583833, 26.307382], [-97.583456, 26.307325], [-97.582819, 26.307237], [-97.582672, 26.307226], [-97.582087, 26.307141], [-97.581629, 26.30707], [-97.581142, 26.307007], [-97.580616, 26.306934], [-97.580429, 26.306904], [-97.579849, 26.306825], [-97.579245, 26.306732], [-97.576812, 26.306395], [-97.576749, 26.306386], [-97.576672, 26.306375], [-97.576581, 26.306362], [-97.576246, 26.306315], [-97.576175, 26.306303], [-97.575926, 26.306262], [-97.575868, 26.306249], [-97.575685, 26.306224], [-97.575191, 26.306143], [-97.574019, 26.306], [-97.57196, 26.305713], [-97.571617, 26.305656], [-97.570769, 26.305535], [-97.570479, 26.305493], [-97.570139, 26.305435], [-97.570016, 26.305402], [-97.569964, 26.305388], [-97.569817, 26.305374], [-97.569776, 26.30537], [-97.569535, 26.305336], [-97.569396, 26.305321], [-97.569267, 26.305296], [-97.569206, 26.305284], [-97.568813, 26.305224], [-97.568046, 26.30512], [-97.568008, 26.305114], [-97.567994, 26.305112], [-97.566783, 26.304946], [-97.566177, 26.304854], [-97.565575, 26.304774], [-97.564378, 26.304592], [-97.563645, 26.304482], [-97.563626, 26.304479], [-97.563594, 26.304474], [-97.563571, 26.304471], [-97.563157, 26.304411], [-97.563108, 26.304405], [-97.563093, 26.304403], [-97.563083, 26.304402], [-97.562544, 26.304341], [-97.562532, 26.30434], [-97.562483, 26.304334], [-97.56227, 26.304303], [-97.562076, 26.304283], [-97.561875, 26.304253], [-97.561558, 26.304205], [-97.561428, 26.304181], [-97.561261, 26.30418], [-97.561032, 26.304148], [-97.560973, 26.304139], [-97.560962, 26.304137], [-97.560469, 26.304061], [-97.560227, 26.304034], [-97.559843, 26.303977], [-97.559707, 26.303963], [-97.559558, 26.303947], [-97.559432, 26.303924], [-97.55934, 26.303908], [-97.559284, 26.303892], [-97.559162, 26.303871], [-97.558939, 26.303846], [-97.557465, 26.303642], [-97.556376, 26.303465], [-97.556061, 26.303417], [-97.55516, 26.303292], [-97.554835, 26.303241], [-97.554177, 26.303148], [-97.553356, 26.303041], [-97.553014, 26.302988], [-97.552122, 26.302861], [-97.551749, 26.302813], [-97.549999, 26.302571], [-97.549976, 26.302567], [-97.549964, 26.302565], [-97.549784, 26.302533], [-97.549465, 26.302486], [-97.548561, 26.302353], [-97.548148, 26.302297], [-97.547541, 26.302202], [-97.547384, 26.302179], [-97.546271, 26.302016], [-97.544738, 26.3018], [-97.543386, 26.3016], [-97.543255, 26.301581], [-97.541229, 26.301295], [-97.541205, 26.301291], [-97.540981, 26.301253], [-97.540844, 26.30123], [-97.540238, 26.301141], [-97.53985, 26.301074], [-97.53899, 26.30095], [-97.538857, 26.300929], [-97.538846, 26.300927], [-97.538772, 26.300915], [-97.538384, 26.300866], [-97.538315, 26.300857], [-97.538115, 26.300831], [-97.537672, 26.30078], [-97.537251, 26.300717], [-97.537203, 26.300709], [-97.537191, 26.300707], [-97.537043, 26.300681], [-97.535849, 26.30052], [-97.53547, 26.300463], [-97.5353, 26.300437], [-97.534596, 26.300322], [-97.534329, 26.300288], [-97.534299, 26.300283], [-97.533371, 26.300167], [-97.533195, 26.300141], [-97.533008, 26.300108], [-97.532948, 26.300101], [-97.532889, 26.300089], [-97.532687, 26.300076], [-97.53254, 26.300058], [-97.53205, 26.299969], [-97.531289, 26.299872], [-97.531077, 26.299849], [-97.530174, 26.299713], [-97.529776, 26.299667], [-97.529694, 26.299653], [-97.529456, 26.299603], [-97.52903, 26.299541], [-97.528976, 26.299533], [-97.52882, 26.299482], [-97.528608, 26.299414], [-97.528163, 26.299269], [-97.528102, 26.299273], [-97.527854, 26.299288], [-97.527606, 26.299303], [-97.527582, 26.299304], [-97.526637, 26.300855], [-97.526229, 26.301952], [-97.526098, 26.302304], [-97.525968, 26.302655], [-97.52594, 26.302731], [-97.525939, 26.302751], [-97.525852, 26.304508], [-97.52605, 26.306263], [-97.526476, 26.307527], [-97.526641, 26.309079], [-97.526662, 26.310666], [-97.526698, 26.313426], [-97.526819, 26.314403], [-97.526945, 26.315424], [-97.527071, 26.316444], [-97.527089, 26.316589], [-97.526634, 26.318322], [-97.526098, 26.319709], [-97.5258, 26.32048], [-97.5247, 26.322367], [-97.52439, 26.322897], [-97.524082, 26.323427], [-97.52401, 26.32355], [-97.523995, 26.323563], [-97.522741, 26.324624], [-97.521487, 26.325684], [-97.521306, 26.325837], [-97.521081, 26.325894], [-97.520706, 26.326088], [-97.518783, 26.32671], [-97.516496, 26.327176], [-97.51541, 26.327296], [-97.514833, 26.327164], [-97.514284, 26.32711], [-97.513212, 26.327204], [-97.510231, 26.324387], [-97.508486, 26.322957], [-97.508031, 26.322436], [-97.507589, 26.32208], [-97.50659, 26.320818], [-97.506247, 26.319305], [-97.506706, 26.318113], [-97.507869, 26.317065], [-97.509529, 26.316619], [-97.511513, 26.316669], [-97.513157, 26.316749], [-97.514127, 26.316353], [-97.514691, 26.31534], [-97.514133, 26.313808], [-97.512573, 26.313104], [-97.51229, 26.312976], [-97.508906, 26.312574], [-97.506936, 26.312702], [-97.505688, 26.31324], [-97.504337, 26.314376], [-97.502837, 26.315938], [-97.500824, 26.318852], [-97.500698, 26.320814], [-97.500898, 26.32147], [-97.50133, 26.322104], [-97.501933, 26.322595], [-97.503747, 26.323677], [-97.504477, 26.324863], [-97.505152, 26.327245], [-97.505177, 26.328352], [-97.505668, 26.329366], [-97.506381, 26.330153], [-97.50673, 26.330539], [-97.506814, 26.330622], [-97.507043, 26.330847], [-97.507272, 26.331072], [-97.508422, 26.332202], [-97.509035, 26.333581], [-97.508849, 26.333889], [-97.508518, 26.334428], [-97.507656, 26.334724], [-97.506373, 26.33422], [-97.505008, 26.333445], [-97.504873, 26.333368], [-97.503758, 26.332734], [-97.502885, 26.332743], [-97.502497, 26.332747], [-97.500261, 26.333591], [-97.499509, 26.334202], [-97.498254, 26.334913], [-97.495519, 26.336012], [-97.49264, 26.336708], [-97.488612, 26.337074], [-97.485472, 26.337092], [-97.482654, 26.336699], [-97.479342, 26.335871], [-97.476516, 26.334465], [-97.476218, 26.334317], [-97.474646, 26.333092], [-97.474377, 26.332947], [-97.474072, 26.332794], [-97.473901, 26.33256], [-97.473649, 26.332149], [-97.473209, 26.33173], [-97.472625, 26.331174], [-97.471709, 26.330369], [-97.471006, 26.330037], [-97.470417, 26.329942], [-97.469745, 26.329885], [-97.469323, 26.330209], [-97.469046, 26.330474], [-97.468925, 26.33059], [-97.468801, 26.330614], [-97.468622, 26.330676], [-97.468571, 26.330693], [-97.468162, 26.330941], [-97.467782, 26.331215], [-97.467913, 26.332156], [-97.46834, 26.333179], [-97.46913, 26.334814], [-97.470147, 26.336548], [-97.470308, 26.336849], [-97.470712, 26.337175], [-97.471008, 26.337459], [-97.471215, 26.337635], [-97.472064, 26.338205], [-97.472522, 26.338509], [-97.473017, 26.338838], [-97.473461, 26.339074], [-97.47404, 26.339267], [-97.474377, 26.339455], [-97.474478, 26.339534], [-97.474718, 26.339721], [-97.474952, 26.340237], [-97.475015, 26.340744], [-97.47489, 26.341285], [-97.474344, 26.341809], [-97.473752, 26.342221], [-97.47247, 26.342617], [-97.471384, 26.342658], [-97.47072, 26.342715], [-97.470155, 26.342812], [-97.469204, 26.342869], [-97.467876, 26.342902], [-97.467049, 26.342776], [-97.466611, 26.342709], [-97.465893, 26.342323], [-97.465827, 26.342266], [-97.465794, 26.342237], [-97.465561, 26.342034], [-97.465294, 26.341802], [-97.465031, 26.341573], [-97.464797, 26.341138], [-97.46459, 26.340509], [-97.464553, 26.339953], [-97.464723, 26.339396], [-97.465045, 26.338227], [-97.465416, 26.337307], [-97.465626, 26.336783], [-97.465836, 26.336453], [-97.465955, 26.336266], [-97.466217, 26.335855], [-97.466422, 26.334896], [-97.466457, 26.333952], [-97.466253, 26.33325], [-97.466223, 26.333146], [-97.466141, 26.333023], [-97.466002, 26.332816], [-97.465864, 26.33261], [-97.46571, 26.33238], [-97.465661, 26.332354], [-97.465148, 26.332096], [-97.464635, 26.331838], [-97.464543, 26.331792], [-97.46309, 26.331809], [-97.461205, 26.332018], [-97.461117, 26.332028], [-97.459879, 26.332053], [-97.459035, 26.331787], [-97.458999, 26.331756], [-97.45811, 26.330981], [-97.457288, 26.330098], [-97.457227, 26.330032], [-97.457165, 26.329965], [-97.457158, 26.329958], [-97.456529, 26.328991], [-97.456396, 26.328431], [-97.456358, 26.328273], [-97.456231, 26.327354], [-97.456236, 26.327158], [-97.456248, 26.326717], [-97.455906, 26.326088], [-97.455628, 26.325791], [-97.455323, 26.325467], [-97.454959, 26.325316], [-97.454137, 26.324976], [-97.452262, 26.324477], [-97.450844, 26.324405], [-97.449538, 26.324406], [-97.449508, 26.324406], [-97.449414, 26.324416], [-97.448566, 26.324503], [-97.446987, 26.324947], [-97.446484, 26.32522], [-97.44598, 26.325494], [-97.445816, 26.325584], [-97.445651, 26.325673], [-97.445383, 26.325819], [-97.444576, 26.326707], [-97.444424, 26.327094], [-97.444353, 26.327965], [-97.444203, 26.328734], [-97.444148, 26.329013], [-97.444081, 26.329137], [-97.44345, 26.330295], [-97.442142, 26.331997], [-97.440376, 26.333837], [-97.439785, 26.334406], [-97.438216, 26.335918], [-97.438183, 26.335965], [-97.438062, 26.336134], [-97.437919, 26.336333], [-97.437777, 26.336532], [-97.437276, 26.337233], [-97.436989, 26.338055], [-97.436801, 26.338604], [-97.43639, 26.339564], [-97.436345, 26.33972], [-97.43624, 26.340084], [-97.436134, 26.340447], [-97.435916, 26.341201], [-97.435781, 26.342315], [-97.435649, 26.343418], [-97.435525, 26.34545], [-97.434849, 26.34759], [-97.434756, 26.347886], [-97.434631, 26.348227], [-97.434423, 26.348792], [-97.434215, 26.349358], [-97.434002, 26.349939], [-97.433788, 26.35052], [-97.433562, 26.351136], [-97.433335, 26.351753], [-97.433082, 26.352443], [-97.432644, 26.353829], [-97.432358, 26.354974], [-97.432126, 26.356022], [-97.432117, 26.357232], [-97.432153, 26.357591], [-97.432172, 26.357772], [-97.43219, 26.357954], [-97.432244, 26.358482], [-97.432254, 26.36003], [-97.432165, 26.36061], [-97.431852, 26.361562], [-97.430884, 26.36332], [-97.430051, 26.364337], [-97.429426, 26.364693], [-97.429315, 26.364756], [-97.428633, 26.364942], [-97.427887, 26.364948], [-97.427776, 26.364949], [-97.427641, 26.364949], [-97.426749, 26.36491], [-97.425609, 26.364904], [-97.424218, 26.364935], [-97.423106, 26.365186], [-97.42211, 26.365645], [-97.421294, 26.366138], [-97.420825, 26.366737], [-97.420087, 26.367781], [-97.419952, 26.367974], [-97.419429, 26.368581], [-97.417797, 26.37013], [-97.417638, 26.370207], [-97.415887, 26.371051], [-97.415338, 26.371363], [-97.414399, 26.371871], [-97.413451, 26.37241], [-97.412422, 26.372962], [-97.411837, 26.373431], [-97.411554, 26.373873], [-97.411374, 26.374095], [-97.411232, 26.374416], [-97.411144, 26.374714], [-97.411004, 26.37483], [-97.410662, 26.375225], [-97.410588, 26.37533], [-97.41027, 26.375782], [-97.409696, 26.376494], [-97.409002, 26.377386], [-97.40806, 26.378551], [-97.407493, 26.379252], [-97.407031, 26.379768], [-97.406369, 26.38047], [-97.404164, 26.38266], [-97.40108, 26.385453], [-97.400399, 26.386297], [-97.400248, 26.386666], [-97.40022, 26.387755], [-97.39995, 26.389295], [-97.400153, 26.389465], [-97.399295, 26.393006], [-97.399274, 26.39301], [-97.398437, 26.396136], [-97.397692, 26.397654], [-97.396489, 26.399625], [-97.395084, 26.401479], [-97.394492, 26.401895], [-97.39432, 26.402097], [-97.394302, 26.402118], [-97.394492, 26.403101], [-97.39461, 26.403473], [-97.394632, 26.403549], [-97.394743, 26.403931], [-97.394652, 26.404769], [-97.394556, 26.404857], [-97.393868, 26.405488], [-97.393463, 26.405792], [-97.392798, 26.406284], [-97.391967, 26.40677], [-97.390418, 26.407864], [-97.389836, 26.408674], [-97.389089, 26.40874], [-97.386505, 26.410437], [-97.385527, 26.41057], [-97.385285, 26.410349], [-97.384509, 26.410193], [-97.384019, 26.410335], [-97.383487, 26.410622], [-97.382834, 26.410575], [-97.382259, 26.410937], [-97.379814, 26.410839], [-97.376904, 26.410859], [-97.375255, 26.410869], [-97.373651, 26.41088], [-97.370002, 26.410904], [-97.366953, 26.410923], [-97.365773, 26.410931], [-97.36485, 26.410937], [-97.363502, 26.410946], [-97.362082, 26.410955], [-97.360998, 26.410962], [-97.359686, 26.410971], [-97.358494, 26.410978], [-97.357343, 26.410986], [-97.353581, 26.41101], [-97.3507, 26.411029], [-97.349926, 26.411034], [-97.349447, 26.411037], [-97.349294, 26.411038], [-97.348691, 26.411041], [-97.347615, 26.411047], [-97.346386, 26.411045], [-97.345152, 26.411047], [-97.343079, 26.41105], [-97.341402, 26.411052], [-97.340137, 26.411054], [-97.335752, 26.41106], [-97.331846, 26.411065], [-97.330528, 26.411067], [-97.327712, 26.41107], [-97.324501, 26.411075], [-97.321727, 26.411079], [-97.321368, 26.411079], [-97.318214, 26.411083], [-97.315907, 26.411086], [-97.295966, 26.411113], [-97.28963, 26.411122], [-97.289447, 26.411122], [-97.286211, 26.411127], [-97.278273, 26.411137], [-97.269952, 26.411149], [-97.260699, 26.411161], [-97.25618, 26.411167], [-97.255223, 26.411169], [-97.24035, 26.411188], [-97.237994, 26.411191], [-97.236475, 26.411234], [-97.235376, 26.411229], [-97.229294, 26.411203], [-97.226997, 26.411174], [-97.22561, 26.411193], [-97.224774, 26.411205], [-97.2245, 26.411209], [-97.224111, 26.41119], [-97.223682, 26.411159], [-97.223295, 26.411131], [-97.220241, 26.411204], [-97.213307, 26.411421], [-97.20355, 26.411704], [-97.19532, 26.411943], [-97.191286, 26.41206], [-97.167255, 26.412715], [-97.156496, 26.375348], [-97.126121, 26.250351], [-97.125248, 26.248285], [-97.125248, 26.246333], [-97.124553, 26.244415], [-97.124122, 26.241635], [-97.123653, 26.238921], [-97.122813, 26.233863], [-97.121983, 26.229671], [-97.121262, 26.225549], [-97.120778, 26.222135], [-97.120212, 26.217784], [-97.118896, 26.209078], [-97.117285, 26.197964], [-97.115942, 26.186624], [-97.114607, 26.175017], [-97.113328, 26.166312], [-97.112594, 26.157957], [-97.111459, 26.150556], [-97.110699, 26.145367], [-97.110147, 26.140583], [-97.109649, 26.129468], [-97.10904, 26.125354], [-97.108301, 26.10451], [-97.107179, 26.103642], [-97.105345, 26.101886], [-97.100252, 26.097664], [-97.098945, 26.09569], [-97.097386, 26.093508], [-97.095744, 26.09049], [-97.09422, 26.088376], [-97.092921, 26.085102], [-97.091983, 26.082138], [-97.091143, 26.079578], [-97.089989, 26.07534], [-97.089699, 26.072963], [-97.089632, 26.070593], [-97.089344, 26.066179], [-97.08934, 26.066115], [-97.089621, 26.063356], [-97.08998, 26.060464], [-97.090205, 26.057169], [-97.0907, 26.054649], [-97.091287, 26.051598], [-97.093256, 26.046153], [-97.094143, 26.043044], [-97.097858, 26.03862], [-97.093863, 26.000357], [-97.093891, 26.000357], [-97.089684, 25.960839], [-97.099197, 25.960074], [-97.102264, 25.959801], [-97.120667, 25.958161], [-97.139069, 25.956519], [-97.144232, 25.956612], [-97.144964, 25.956612], [-97.145773, 25.956627], [-97.146307, 25.956632], [-97.146941, 25.955823], [-97.147427, 25.95538], [-97.147826, 25.954376], [-97.148392, 25.953426], [-97.148953, 25.952835], [-97.149638, 25.952383], [-97.150144, 25.952054], [-97.150818, 25.95163], [-97.151869, 25.951143], [-97.153063, 25.950588], [-97.154273, 25.950048], [-97.154898, 25.949813], [-97.155043, 25.949758], [-97.155563, 25.949498], [-97.156373, 25.949148], [-97.157285, 25.948858], [-97.158056, 25.948816], [-97.158825, 25.948873], [-97.159318, 25.949027], [-97.159765, 25.949352], [-97.160129, 25.949833], [-97.160323, 25.950268], [-97.160433, 25.950818], [-97.160276, 25.95177], [-97.159943, 25.952798], [-97.159283, 25.954508], [-97.158978, 25.955626], [-97.158613, 25.956788], [-97.158397, 25.957889], [-97.158043, 25.959418], [-97.157923, 25.960538], [-97.157993, 25.961258], [-97.158167, 25.961684], [-97.158773, 25.962058], [-97.159443, 25.962138], [-97.159993, 25.962108], [-97.160597, 25.961866], [-97.161128, 25.961545], [-97.161633, 25.961198], [-97.162393, 25.960888], [-97.163193, 25.960648], [-97.163803, 25.960505], [-97.164464, 25.960412], [-97.165158, 25.960294], [-97.16603, 25.960255], [-97.166723, 25.960328], [-97.167603, 25.960548], [-97.168692, 25.960806], [-97.169955, 25.961247], [-97.171082, 25.961975], [-97.171553, 25.962409], [-97.172043, 25.962988], [-97.172413, 25.963618], [-97.172873, 25.964548], [-97.173373, 25.965038], [-97.173933, 25.965448], [-97.174723, 25.965828], [-97.175395, 25.96598], [-97.176083, 25.965915], [-97.176713, 25.965438], [-97.176953, 25.964938], [-97.177131, 25.964349], [-97.177218, 25.963705], [-97.177263, 25.963078], [-97.177343, 25.962578], [-97.177687, 25.96199], [-97.17822, 25.961565], [-97.178965, 25.961166], [-97.180193, 25.960888], [-97.180967, 25.960757], [-97.181493, 25.960668], [-97.182725, 25.960342], [-97.183654, 25.960017], [-97.184502, 25.959761], [-97.185583, 25.959428], [-97.186473, 25.958958], [-97.186893, 25.958588], [-97.187153, 25.958018], [-97.187103, 25.957268], [-97.187053, 25.956758], [-97.186903, 25.956238], [-97.186813, 25.955348], [-97.186983, 25.954748], [-97.187311, 25.95439], [-97.187605, 25.954178], [-97.187976, 25.954038], [-97.188374, 25.953923], [-97.188933, 25.953908], [-97.18943, 25.953933], [-97.189878, 25.954032], [-97.190694, 25.954303], [-97.191733, 25.954658], [-97.192293, 25.954808], [-97.192957, 25.955064], [-97.193513, 25.955398], [-97.194053, 25.955798], [-97.194686, 25.956346], [-97.195087, 25.956717], [-97.195182, 25.956805], [-97.195703, 25.957288], [-97.196323, 25.957688], [-97.196913, 25.957948], [-97.197863, 25.958178], [-97.198733, 25.958328], [-97.199363, 25.958408], [-97.199913, 25.958408], [-97.200612, 25.958347], [-97.200833, 25.958288], [-97.201713, 25.958158], [-97.202343, 25.958038], [-97.203143, 25.957788], [-97.203743, 25.957708], [-97.204563, 25.957938], [-97.205064, 25.958108], [-97.205393, 25.958338], [-97.205692, 25.95861], [-97.205903, 25.958918], [-97.20606, 25.959722], [-97.206198, 25.960621], [-97.206313, 25.961758], [-97.206262, 25.96236], [-97.206323, 25.963018], [-97.206603, 25.963478], [-97.207093, 25.963778], [-97.208003, 25.963968], [-97.208738, 25.96395], [-97.209396, 25.963746], [-97.209843, 25.963463], [-97.210249, 25.963085], [-97.210825, 25.962593], [-97.211683, 25.961788], [-97.212593, 25.961088], [-97.213573, 25.960418], [-97.214384, 25.959932], [-97.215065, 25.959537], [-97.215883, 25.959048], [-97.216443, 25.958798], [-97.216963, 25.958628], [-97.217465, 25.95847], [-97.217893, 25.958358], [-97.218633, 25.958188], [-97.219162, 25.95797], [-97.219563, 25.957778], [-97.219991, 25.957519], [-97.22031, 25.957331], [-97.220713, 25.957138], [-97.221303, 25.957068], [-97.222212, 25.957368], [-97.222568, 25.957619], [-97.222945, 25.957928], [-97.223657, 25.958527], [-97.224363, 25.958968], [-97.225086, 25.959285], [-97.225614, 25.959328], [-97.226205, 25.959391], [-97.226628, 25.959338], [-97.227263, 25.959248], [-97.227963, 25.959044], [-97.228536, 25.958782], [-97.229004, 25.958557], [-97.22945, 25.958293], [-97.229893, 25.958068], [-97.230323, 25.957858], [-97.230683, 25.957688], [-97.231173, 25.957468], [-97.231783, 25.957148], [-97.232283, 25.957028], [-97.232843, 25.956848], [-97.233548, 25.956592], [-97.234332, 25.956446], [-97.23503, 25.956395], [-97.235783, 25.956318], [-97.236532, 25.956256], [-97.237231, 25.956129], [-97.237972, 25.955944], [-97.23863, 25.95574], [-97.239203, 25.955516], [-97.23967, 25.955329], [-97.240223, 25.955009], [-97.240953, 25.954698], [-97.241518, 25.954429], [-97.242072, 25.954071], [-97.24254, 25.95375], [-97.243159, 25.95324], [-97.243565, 25.952785], [-97.243992, 25.952445], [-97.244356, 25.952028], [-97.244614, 25.951553], [-97.244686, 25.950789], [-97.244627, 25.950406], [-97.244652, 25.950025], [-97.244699, 25.949662], [-97.244893, 25.949243], [-97.24515, 25.948978], [-97.245403, 25.948768], [-97.245883, 25.948488], [-97.246447, 25.948264], [-97.247193, 25.948158], [-97.248103, 25.948188], [-97.249213, 25.948348], [-97.249983, 25.948321], [-97.250043, 25.948318], [-97.251003, 25.948258], [-97.251816, 25.948159], [-97.252576, 25.948223], [-97.253314, 25.948325], [-97.254199, 25.948563], [-97.254713, 25.948778], [-97.255208, 25.94903], [-97.25586, 25.94938], [-97.256301, 25.949613], [-97.256773, 25.949858], [-97.257443, 25.950148], [-97.257984, 25.950316], [-97.258637, 25.950532], [-97.259311, 25.95071], [-97.259922, 25.95083], [-97.260492, 25.95093], [-97.261053, 25.951038], [-97.261948, 25.951153], [-97.262581, 25.951235], [-97.263531, 25.95132], [-97.264672, 25.951349], [-97.265513, 25.951318], [-97.266133, 25.951368], [-97.266723, 25.951378], [-97.267773, 25.951458], [-97.268453, 25.951538], [-97.269508, 25.95166], [-97.270543, 25.951808], [-97.271175, 25.951865], [-97.271682, 25.95187], [-97.272464, 25.951858], [-97.273331, 25.951846], [-97.274103, 25.951818], [-97.274663, 25.951788], [-97.275317, 25.951864], [-97.275908, 25.951983], [-97.276434, 25.952122], [-97.277045, 25.952356], [-97.277654, 25.952686], [-97.278199, 25.953073], [-97.278786, 25.953575], [-97.279204, 25.953999], [-97.279705, 25.954558], [-97.280038, 25.955019], [-97.280308, 25.955461], [-97.280515, 25.955864], [-97.280703, 25.956198], [-97.281013, 25.956718], [-97.281583, 25.958248], [-97.282013, 25.958858], [-97.282507, 25.959301], [-97.282993, 25.959448], [-97.283503, 25.959488], [-97.283983, 25.959418], [-97.284537, 25.959281], [-97.285013, 25.959078], [-97.285515, 25.958716], [-97.286432, 25.95796], [-97.287103, 25.957238], [-97.287459, 25.956765], [-97.2878, 25.956424], [-97.288193, 25.956068], [-97.288593, 25.955858], [-97.289193, 25.955688], [-97.289565, 25.955465], [-97.289632, 25.955103], [-97.289636, 25.95474], [-97.289555, 25.954376], [-97.289432, 25.954069], [-97.289224, 25.953685], [-97.288849, 25.953185], [-97.288263, 25.952645], [-97.287761, 25.952144], [-97.287385, 25.951759], [-97.286967, 25.951354], [-97.286611, 25.950988], [-97.286256, 25.950622], [-97.285669, 25.950177], [-97.284978, 25.949617], [-97.28418, 25.949133], [-97.283359, 25.94882], [-97.282664, 25.948604], [-97.281863, 25.948425], [-97.280872, 25.948187], [-97.279943, 25.948083], [-97.279153, 25.947938], [-97.278805, 25.947825], [-97.278552, 25.947727], [-97.278344, 25.947496], [-97.278213, 25.947278], [-97.278138, 25.946997], [-97.278331, 25.946712], [-97.278671, 25.946486], [-97.279054, 25.946279], [-97.279521, 25.946092], [-97.280009, 25.945867], [-97.28052, 25.945547], [-97.280862, 25.945149], [-97.280992, 25.944825], [-97.281019, 25.944329], [-97.280913, 25.943948], [-97.280723, 25.943618], [-97.280417, 25.943273], [-97.279903, 25.942858], [-97.279233, 25.942348], [-97.278693, 25.941878], [-97.278281, 25.941458], [-97.277793, 25.940858], [-97.277403, 25.940178], [-97.277181, 25.939652], [-97.276975, 25.939135], [-97.276713, 25.938488], [-97.276573, 25.937838], [-97.276465, 25.937492], [-97.276426, 25.937143], [-97.276325, 25.936722], [-97.276273, 25.936148], [-97.276334, 25.935862], [-97.276403, 25.935578], [-97.276657, 25.935292], [-97.27704, 25.935085], [-97.277632, 25.934976], [-97.278193, 25.934958], [-97.278673, 25.935008], [-97.279322, 25.935067], [-97.279983, 25.935168], [-97.280524, 25.935249], [-97.281193, 25.935358], [-97.282873, 25.935668], [-97.283903, 25.935868], [-97.284643, 25.936028], [-97.285526, 25.936208], [-97.286201, 25.93629], [-97.286809, 25.936357], [-97.28757, 25.936363], [-97.288263, 25.936354], [-97.289083, 25.936328], [-97.289823, 25.936348], [-97.290573, 25.936428], [-97.291034, 25.936485], [-97.291524, 25.936489], [-97.292015, 25.936387], [-97.292443, 25.936238], [-97.292794, 25.936063], [-97.293003, 25.935958], [-97.293311, 25.935605], [-97.293634, 25.935178], [-97.294011, 25.934646], [-97.294269, 25.934251], [-97.294509, 25.933947], [-97.294853, 25.933648], [-97.295292, 25.933404], [-97.295615, 25.933269], [-97.295973, 25.933228], [-97.296391, 25.933273], [-97.296831, 25.933371], [-97.297353, 25.93359], [-97.297806, 25.933854], [-97.298191, 25.934224], [-97.298341, 25.934454], [-97.298455, 25.934822], [-97.298501, 25.935266], [-97.298531, 25.935663], [-97.29856, 25.936092], [-97.298708, 25.936506], [-97.299043, 25.936814], [-97.299603, 25.937108], [-97.300204, 25.937328], [-97.300861, 25.937487], [-97.301486, 25.937538], [-97.302045, 25.937497], [-97.302468, 25.937424], [-97.302909, 25.937306], [-97.303334, 25.937095], [-97.303693, 25.936818], [-97.303931, 25.93652], [-97.304184, 25.93614], [-97.304363, 25.935622], [-97.304487, 25.935103], [-97.30456, 25.934599], [-97.304564, 25.934248], [-97.304601, 25.933897], [-97.304563, 25.933478], [-97.304475, 25.93304], [-97.304395, 25.932596], [-97.30435, 25.932076], [-97.304253, 25.931601], [-97.304174, 25.931142], [-97.304063, 25.930458], [-97.304016, 25.93004], [-97.304063, 25.929598], [-97.304126, 25.929231], [-97.304299, 25.92885], [-97.304523, 25.928485], [-97.304882, 25.928076], [-97.305323, 25.927678], [-97.305883, 25.927258], [-97.306346, 25.927018], [-97.306839, 25.926778], [-97.307593, 25.926528], [-97.308043, 25.926376], [-97.308704, 25.926259], [-97.309346, 25.926234], [-97.30997, 25.926377], [-97.31066, 25.926704], [-97.311183, 25.927218], [-97.31136, 25.927627], [-97.31144, 25.928055], [-97.311471, 25.928377], [-97.311568, 25.92879], [-97.311733, 25.929174], [-97.311916, 25.92945], [-97.312183, 25.929838], [-97.312483, 25.930169], [-97.312701, 25.930374], [-97.312952, 25.930575], [-97.313593, 25.930998], [-97.314503, 25.931368], [-97.315257, 25.931618], [-97.315899, 25.9317], [-97.316483, 25.931718], [-97.317253, 25.931608], [-97.317982, 25.931305], [-97.318577, 25.930974], [-97.319087, 25.930673], [-97.319581, 25.93031], [-97.320075, 25.929947], [-97.320509, 25.92961], [-97.320877, 25.929251], [-97.321273, 25.928898], [-97.321583, 25.928568], [-97.322443, 25.927658], [-97.322763, 25.927348], [-97.323083, 25.926958], [-97.323443, 25.926568], [-97.323853, 25.926068], [-97.324176, 25.925641], [-97.324485, 25.92517], [-97.324743, 25.924718], [-97.324969, 25.924165], [-97.325113, 25.923608], [-97.325116, 25.923036], [-97.325155, 25.922516], [-97.325092, 25.922027], [-97.325019, 25.921464], [-97.324953, 25.920958], [-97.324872, 25.92042], [-97.324733, 25.919848], [-97.324596, 25.919348], [-97.324516, 25.918873], [-97.324519, 25.918598], [-97.324593, 25.918298], [-97.324813, 25.917974], [-97.325221, 25.917763], [-97.325673, 25.917628], [-97.326102, 25.917557], [-97.326524, 25.917545], [-97.327223, 25.917568], [-97.328063, 25.917678], [-97.328873, 25.917708], [-97.329573, 25.917658], [-97.32992, 25.917635], [-97.330275, 25.917653], [-97.330527, 25.917808], [-97.330773, 25.918018], [-97.331153, 25.918388], [-97.331443, 25.918848], [-97.331663, 25.919568], [-97.331733, 25.920208], [-97.331733, 25.920738], [-97.331707, 25.92144], [-97.331716, 25.922143], [-97.331903, 25.922958], [-97.33199, 25.923537], [-97.332102, 25.924149], [-97.332344, 25.925221], [-97.332591, 25.925865], [-97.332859, 25.926096], [-97.333203, 25.926178], [-97.333573, 25.926068], [-97.333877, 25.925753], [-97.334083, 25.925388], [-97.334257, 25.924931], [-97.33428, 25.924335], [-97.334201, 25.923815], [-97.334073, 25.923108], [-97.334003, 25.922528], [-97.334013, 25.921988], [-97.334013, 25.921418], [-97.334113, 25.920849], [-97.334199, 25.920544], [-97.334293, 25.920208], [-97.334392, 25.919995], [-97.334593, 25.919848], [-97.334919, 25.919709], [-97.335273, 25.919608], [-97.335698, 25.919578], [-97.336103, 25.919618], [-97.336642, 25.91977], [-97.337215, 25.919958], [-97.337683, 25.920168], [-97.337886, 25.920377], [-97.33807, 25.920622], [-97.338178, 25.920875], [-97.33825, 25.921189], [-97.338281, 25.921449], [-97.338313, 25.921694], [-97.338259, 25.92203], [-97.338188, 25.92235], [-97.338065, 25.922792], [-97.337943, 25.923158], [-97.337839, 25.923433], [-97.337683, 25.923865], [-97.337533, 25.924228], [-97.337407, 25.924611], [-97.337263, 25.925048], [-97.337212, 25.925386], [-97.337163, 25.925708], [-97.336993, 25.926768], [-97.336871, 25.927184], [-97.336716, 25.927489], [-97.336577, 25.927778], [-97.336439, 25.928083], [-97.336293, 25.928428], [-97.336281, 25.928708], [-97.336311, 25.929044], [-97.336473, 25.929428], [-97.336833, 25.929658], [-97.337132, 25.929754], [-97.337453, 25.929788], [-97.337929, 25.929709], [-97.338418, 25.929582], [-97.33908, 25.929358], [-97.339653, 25.929148], [-97.340133, 25.929018], [-97.340437, 25.928895], [-97.34064, 25.928856]]]}}]}